position,open_time,open_price,exit_time,exit_price,min_price,max_price,realized_pnl,max_drawdown_percent,leveraged_quantity,cumulative_realized_pnl,win_loss
short,2022-01-03 02:00:00,174.8,2022-01-04 14:00:00,172.99,166.38,175.86,8.95986842105265,-0.6064073226544635,1000,8.95986842105265,Win
short,2022-01-05 17:00:00,167.78,2022-01-08 09:00:00,146.79,132.98,168.21,123.36685540588873,-0.2562879961854851,1000,132.3267238269414,Win
short,2022-01-08 17:00:00,140.73,2022-01-09 19:00:00,145.2,132.89,146.88,-33.07883180558513,-4.370070347473891,1000,99.24789202135625,Lose
long,2022-01-09 20:00:00,145.23,2022-01-10 12:00:00,135.46,135.29,145.63,-68.43896577842033,-6.844315912690215,1000,30.808926242935925,Lose
short,2022-01-10 12:00:00,139.39,2022-01-11 16:00:00,140.49,129.45,141.41,-9.195473132936517,-1.4491713896262362,1000,21.61345310999941,Lose
long,2022-01-11 17:00:00,140.54,2022-01-13 18:00:00,149.63,138.17,157.75,63.046755372136055,-1.6863526398178488,1000,84.66020848213546,Win
short,2022-01-14 11:00:00,143.08,2022-01-16 07:00:00,149.66,141.91,150.1,-47.511252446183896,-4.906346100083856,1000,37.148956035951564,Lose
long,2022-01-16 15:00:00,151.21,2022-01-17 02:00:00,145.09,144.53,151.39,-41.55327689967597,-4.417697242245888,1000,-4.404320863724408,Lose
short,2022-01-17 02:00:00,145.99,2022-01-18 22:00:00,140.8,134.24,146.01,34.06815535310641,-0.013699568463580936,1000,29.663834489382005,Win
short,2022-01-19 07:00:00,137.56,2022-01-20 14:00:00,141.51,132.7,141.9,-30.02910002907806,-3.154986914800817,1000,-0.365265539696054,Lose
long,2022-01-20 14:00:00,139.12,2022-01-20 21:00:00,132.11,132.0,143.78,-51.362960034502485,-5.1178838412881,1000,-51.72822557419854,Lose
short,2022-01-20 22:00:00,132.12,2022-01-24 20:00:00,94.91,80.7,133.46,279.67872388737504,-1.0142294883439322,1000,227.9504983131765,Win
long,2022-01-25 16:00:00,92.86,2022-01-26 21:00:00,89.97,89.83,104.45,-32.40655825974585,-3.2629765237992685,1000,195.54394005343065,Lose
short,2022-01-26 22:00:00,89.97,2022-01-29 05:00:00,95.26,85.6,95.27,-60.42677559186392,-5.890852506391016,1000,135.11716446156672,Lose
long,2022-01-29 06:00:00,95.26,2022-01-30 19:00:00,91.94,91.59,98.88,-36.234558051648136,-3.852613898803277,1000,98.88260640991858,Lose
short,2022-01-30 20:00:00,91.94,2022-01-31 15:00:00,95.38,89.15,96.15,-38.63441374809648,-4.5790733086795825,1000,60.2481926618221,Lose
long,2022-01-31 17:00:00,97.81,2022-02-02 20:00:00,104.16,96.97,113.61,63.2893262447602,-0.8588078928534949,1000,123.5375189065823,Win
short,2022-02-02 22:00:00,100.32,2022-02-04 05:00:00,104.88,93.9,105.77,-46.777272727272766,-5.4326156299840545,1000,76.76024617930955,Lose
long,2022-02-04 07:00:00,106.11,2022-02-08 08:00:00,114.13,101.68,121.88,73.34415229478839,-4.17491282631231,1000,150.10439847409793,Win
short,2022-02-08 09:00:00,114.12,2022-02-14 14:00:00,97.16,90.49,117.0,145.889800210305,-2.5236593059936867,1000,295.99419868440293,Win
long,2022-02-14 23:00:00,96.78,2022-02-16 14:00:00,98.93,96.16,105.77,20.80422607976861,-0.640628228972933,1000,316.79842476417156,Win
short,2022-02-17 11:00:00,98.33,2022-02-20 17:00:00,90.95,85.39,99.64,73.19091833621476,-1.3322485507983344,1000,389.98934310038635,Win
long,2022-02-20 23:00:00,92.94,2022-02-21 11:00:00,89.07,88.1,96.13,-42.71894770819889,-5.207660856466542,1000,347.2703953921875,Lose
short,2022-02-21 13:00:00,88.22,2022-02-23 05:00:00,89.29,80.96,92.89,-13.634833371117749,-5.2935842212650215,1000,333.63556202106975,Lose
long,2022-02-23 06:00:00,89.29,2022-02-23 21:00:00,86.41,86.15,93.35,-33.338324560421306,-3.5166312017023187,1000,300.29723746064843,Lose
short,2022-02-24 00:00:00,84.53,2022-02-24 18:00:00,86.89,75.25,88.0,-29.133041523719267,-4.105051461019755,1000,271.16419593692916,Lose
long,2022-02-24 20:00:00,90.76,2022-02-27 01:00:00,86.45,86.0,95.27,-49.06413618334072,-5.244601145879247,1000,222.10005975358843,Lose
long,2022-02-27 13:00:00,91.66,2022-02-27 19:00:00,84.81,84.35,92.42,-75.69534147938025,-7.975125463670088,1000,146.40471827420816,Lose
short,2022-02-27 19:00:00,87.49,2022-02-28 11:00:00,90.72,84.0,91.16,-38.13696422448275,-4.1947651160132615,1000,108.26775404972541,Lose
long,2022-02-28 12:00:00,90.72,2022-03-03 15:00:00,95.91,88.78,106.43,55.280390211640125,-2.1384479717813027,1000,163.54814426136554,Win
short,2022-03-03 16:00:00,95.92,2022-03-09 03:00:00,88.08,79.77,96.42,79.17564637197665,-0.5212677231025854,1000,242.7237906333422,Win
long,2022-03-09 04:00:00,88.09,2022-03-10 04:00:00,83.16,82.93,89.92,-57.23750709501651,-5.857645589737764,1000,185.48628353832567,Lose
short,2022-03-10 05:00:00,83.18,2022-03-14 09:00:00,81.8,77.54,84.33,14.398821832171288,-1.3825438807405523,1000,199.88510537049694,Win
long,2022-03-14 23:00:00,80.77,2022-03-18 02:00:00,86.06,78.7,91.04,63.56186702983789,-2.562832734926326,1000,263.44697240033486,Win
long,2022-03-18 16:00:00,88.26,2022-03-20 11:00:00,89.9,88.14,94.59,17.07217312485835,-0.13596193065942053,1000,280.5191455251932,Win
short,2022-03-20 16:00:00,89.15,2022-03-22 04:00:00,91.99,86.62,92.41,-33.272349971957254,-3.656758272574302,1000,247.24679555323596,Lose
long,2022-03-22 04:00:00,90.99,2022-03-25 16:00:00,98.28,89.12,104.9,78.07863501483699,-2.0551708979008576,1000,325.32543056807293,Win
long,2022-03-26 17:00:00,103.12,2022-03-27 12:00:00,99.16,99.05,103.4,-39.582660977502,-3.9468580294802242,1000,285.7427695905709,Lose
short,2022-03-27 13:00:00,99.17,2022-03-27 19:00:00,103.15,98.68,103.44,-41.15317132197238,-4.305737622264793,1000,244.58959826859854,Lose
long,2022-03-27 19:00:00,102.56,2022-03-28 23:00:00,105.73,101.63,113.9,29.593281981279375,-0.9067862714508647,1000,274.18288024987794,Win
long,2022-03-29 12:00:00,113.36,2022-04-01 02:00:00,118.81,107.05,129.66,46.35288461538463,-5.56633733239238,1000,320.5357648652626,Win
long,2022-04-01 14:00:00,128.46,2022-04-02 23:00:00,132.48,128.4,143.57,29.878141055581413,-0.04670714619336935,1000,350.413905920844,Win
short,2022-04-04 15:00:00,131.39,2022-04-08 03:00:00,122.0,110.78,136.68,69.5023593880812,-4.026181596772982,1000,419.9162653089252,Win
short,2022-04-08 12:00:00,115.25,2022-04-10 17:00:00,114.62,108.01,118.44,3.8691106290671198,-2.7678958785249437,1000,423.7853759379923,Win
short,2022-04-11 00:00:00,111.03,2022-04-12 11:00:00,105.48,97.98,111.86,48.611483382869515,-0.7475457083671064,1000,472.3968593208618,Win
short,2022-04-12 18:00:00,103.52,2022-04-14 01:00:00,107.05,100.02,107.31,-35.416740726429595,-3.661128284389496,1000,436.98011859443216,Lose
long,2022-04-14 02:00:00,107.05,2022-04-14 15:00:00,101.29,101.06,107.72,-54.87972909855191,-5.595516113965432,1000,382.1003894958802,Lose
short,2022-04-14 15:00:00,102.73,2022-04-17 14:00:00,104.44,98.71,104.61,-18.453898569064577,-1.830039910444851,1000,363.64649092681566,Lose
long,2022-04-17 14:00:00,103.54,2022-04-17 22:00:00,101.95,101.66,105.45,-16.448705814178112,-1.8157233919258349,1000,347.1977851126376,Lose
short,2022-04-18 00:00:00,100.09,2022-04-18 17:00:00,100.94,94.6,101.7,-9.696603057248408,-1.6085523029273647,1000,337.50118205538917,Lose
long,2022-04-19 01:00:00,103.71,2022-04-20 15:00:00,105.67,101.01,110.92,17.48940314338062,-2.603413364188592,1000,354.9905851987698,Win
short,2022-04-21 21:00:00,102.47,2022-04-25 17:00:00,98.76,94.1,103.53,34.12382160632367,-1.0344491070557258,1000,389.1144068050935,Win
long,2022-04-25 20:00:00,100.59,2022-04-26 13:00:00,97.92,97.83,102.0,-27.730122278556518,-2.7438115120787403,1000,361.384284526537,Lose
short,2022-04-26 16:00:00,96.5,2022-04-27 10:00:00,99.91,94.5,100.1,-36.55445595854923,-3.7305699481865227,1000,324.82982856798776,Lose
long,2022-04-27 10:00:00,99.69,2022-04-29 09:00:00,96.35,96.13,100.72,-34.9871100411275,-3.5710703179857584,1000,289.84271852686027,Lose
short,2022-04-29 09:00:00,97.27,2022-05-01 05:00:00,89.26,81.67,97.28,80.88927726945602,-0.010280662074642868,1000,370.73199579631626,Win
long,2022-05-02 01:00:00,90.19,2022-05-02 17:00:00,85.66,85.02,90.75,-51.40218427763607,-5.732342831799536,1000,319.3298115186802,Lose
short,2022-05-02 17:00:00,86.54,2022-05-04 10:00:00,88.53,84.58,88.79,-24.506644326323013,-2.5999537785994913,1000,294.8231671923572,Lose
long,2022-05-04 19:00:00,90.72,2022-05-05 13:00:00,89.77,89.68,95.22,-11.666545414462188,-1.1463844797178042,1000,283.156621777895,Lose
short,2022-05-05 16:00:00,84.89,2022-05-10 12:00:00,73.34,60.0,86.23,133.7264577688773,-1.578513370243849,1000,416.8830795467723,Win
short,2022-05-10 21:00:00,65.56,2022-05-13 11:00:00,53.14,37.1,68.44,187.83950579621722,-4.392922513727876,1000,604.7225853429895,Win
short,2022-05-14 13:00:00,47.87,2022-05-14 22:00:00,52.21,45.75,52.34,-91.80754125757254,-9.33778984750367,1000,512.915044085417,Lose
long,2022-05-14 22:00:00,50.99,2022-05-16 09:00:00,53.1,49.57,59.29,39.959972543636006,-2.7848597764267535,1000,552.875016629053,Win
short,2022-05-18 10:00:00,54.36,2022-05-20 10:00:00,53.37,48.07,54.55,16.62102649006633,-0.349521707137597,1000,569.4960431191193,Win
long,2022-05-20 11:00:00,53.37,2022-05-20 16:00:00,48.48,47.76,53.62,-92.57869589657109,-10.511523327712197,1000,476.91734722254824,Lose
short,2022-05-20 16:00:00,49.39,2022-05-22 14:00:00,52.08,47.76,52.88,-55.99169872443812,-7.066207734359185,1000,420.92564849811015,Lose
long,2022-05-22 14:00:00,51.51,2022-05-23 19:00:00,50.06,50.0,54.66,-29.43579887400498,-2.9314696175499866,1000,391.48984962410515,Lose
short,2022-05-23 20:00:00,50.05,2022-05-28 19:00:00,44.38,39.91,51.04,110.94335664335652,-1.978021978021982,1000,502.4332062674617,Win
long,2022-05-29 11:00:00,43.38,2022-06-01 03:00:00,44.75,43.3,48.58,29.765583218072916,-0.18441678192716782,1000,532.1987894855346,Win
short,2022-06-01 04:00:00,44.75,2022-06-04 21:00:00,38.66,35.65,45.66,134.05743016759791,-2.033519553072618,1000,666.2562196531325,Win
long,2022-06-05 07:00:00,39.0,2022-06-07 00:00:00,40.2,38.31,44.99,29.25384615384633,-1.7692307692307636,1000,695.5100658069788,Win
short,2022-06-07 07:00:00,39.16,2022-06-09 09:00:00,41.2,37.06,41.76,-53.72002042900933,-6.639427987742599,1000,641.7900453779695,Lose
long,2022-06-09 10:00:00,41.21,2022-06-10 09:00:00,39.0,38.88,41.96,-54.80094637223981,-5.653967483620477,1000,586.9890990057297,Lose
short,2022-06-10 10:00:00,39.0,2022-06-14 05:00:00,30.34,25.81,39.69,220.06230769230763,-1.7692307692307636,1000,807.0514066980373,Win
long,2022-06-14 16:00:00,31.0,2022-06-16 13:00:00,30.52,26.75,36.26,-16.97612903225808,-13.709677419354838,1000,790.0752776657793,Lose
short,2022-06-16 23:00:00,30.24,2022-06-18 22:00:00,31.65,27.09,32.11,-48.15029761904759,-6.183862433862437,1000,741.9249800467317,Lose
long,2022-06-19 11:00:00,32.47,2022-06-22 03:00:00,34.67,31.49,39.25,65.92097320603648,-3.018170619032955,1000,807.8459532527681,Win
short,2022-06-22 16:00:00,34.73,2022-06-23 10:00:00,37.27,33.81,37.38,-74.37218543046379,-7.6302908148574895,1000,733.4737678223044,Lose
long,2022-06-23 10:00:00,36.37,2022-06-26 22:00:00,39.72,36.07,42.91,90.06282650536156,-0.8248556502611964,1000,823.5365943276659,Win
short,2022-06-27 00:00:00,39.36,2022-07-01 00:00:00,34.47,30.79,41.28,122.09992378048781,-4.878048780487809,1000,945.6365181081537,Win
short,2022-07-01 11:00:00,31.98,2022-07-02 21:00:00,33.93,31.79,34.15,-62.40609756097563,-6.78549093183239,1000,883.2304205471781,Lose
long,2022-07-02 22:00:00,33.93,2022-07-05 09:00:00,34.51,32.12,36.97,15.385470085470082,-5.334512231063962,1000,898.6158906326482,Win
long,2022-07-05 19:00:00,34.77,2022-07-08 08:00:00,36.91,34.65,39.7,59.81653724475108,-0.3451251078516092,1000,958.4324278773993,Win
long,2022-07-08 18:00:00,38.66,2022-07-10 09:00:00,37.11,37.01,39.34,-41.47307294361089,-4.26797723745473,1000,916.9593549337884,Lose
short,2022-07-10 09:00:00,37.23,2022-07-13 23:00:00,34.93,31.7,37.41,59.80902497985492,-0.4834810636583393,1000,976.7683799136433,Win
long,2022-07-14 02:00:00,35.03,2022-07-17 17:00:00,38.45,33.52,41.09,95.5817870396804,-4.310590922066794,1000,1072.3501669533237,Win
long,2022-07-18 04:00:00,40.54,2022-07-20 17:00:00,43.24,39.66,47.4,64.86758756783428,-2.1706956092747967,1000,1137.217754521158,Win
short,2022-07-20 21:00:00,42.18,2022-07-21 19:00:00,43.8,39.61,43.9,-39.62603129445234,-4.077761972498812,1000,1097.5917232267057,Lose
long,2022-07-22 10:00:00,43.9,2022-07-22 15:00:00,41.67,41.5,44.19,-51.77186788154892,-5.466970387243732,1000,1045.8198553451568,Lose
short,2022-07-22 16:00:00,41.67,2022-07-24 15:00:00,41.19,38.59,41.91,10.024838012959036,-0.5759539236860928,1000,1055.8446933581158,Win
long,2022-07-24 22:00:00,41.53,2022-07-25 00:00:00,39.43,39.28,42.08,-51.54057307970144,-5.4177702865398505,1000,1004.3041202784144,Lose
short,2022-07-25 01:00:00,39.43,2022-07-27 05:00:00,37.0,34.64,39.53,60.05901597768193,-0.25361399949277563,1000,1064.3631362560964,Win
long,2022-07-27 19:00:00,38.73,2022-07-31 03:00:00,43.23,38.69,46.64,114.130906274206,-0.10327911179963632,1000,1178.4940425303023,Win
short,2022-07-31 20:00:00,43.73,2022-08-02 16:00:00,42.16,39.77,43.89,34.42007774982854,-0.3658815458495397,1000,1212.9141202801309,Win
short,2022-08-03 00:00:00,39.73,2022-08-05 09:00:00,40.28,37.39,41.0,-15.550364963503764,-3.1965768940347425,1000,1197.363755316627,Lose
long,2022-08-05 09:00:00,40.08,2022-08-07 00:00:00,39.37,39.19,41.32,-19.105713572854395,-2.2205588822355304,1000,1178.2580417437725,Lose
short,2022-08-07 01:00:00,39.37,2022-08-07 20:00:00,41.24,39.15,41.3,-48.721844043688144,-4.902209804419608,1000,1129.5361977000844,Lose
long,2022-08-07 20:00:00,40.54,2022-08-09 01:00:00,41.68,40.44,43.72,26.80631475086342,-0.24666995559941152,1000,1156.3425124509479,Win
short,2022-08-09 11:00:00,40.99,2022-08-10 12:00:00,42.12,39.11,42.28,-28.881483288606976,-3.1471090509880435,1000,1127.461029162341,Lose
long,2022-08-10 13:00:00,42.11,2022-08-11 22:00:00,42.62,41.19,45.32,10.705081928283048,-2.1847542151507993,1000,1138.166111090624,Win
long,2022-08-12 20:00:00,44.64,2022-08-14 16:00:00,45.0,44.28,48.38,6.560483870967683,-0.8064516129032245,1000,1144.7265949615917,Win
short,2022-08-14 17:00:00,44.99,2022-08-15 02:00:00,46.82,44.34,46.9,-41.796043565236666,-4.245387863969763,1000,1102.930551396355,Lose
short,2022-08-15 07:00:00,43.88,2022-08-21 21:00:00,36.84,34.15,44.74,157.61777575205105,-1.9598906107566076,1000,1260.548327148406,Win
short,2022-08-22 08:00:00,34.89,2022-08-24 15:00:00,36.02,33.7,36.09,-34.00369733447974,-3.4393809114359497,1000,1226.5446298139263,Lose
long,2022-08-24 16:00:00,36.03,2022-08-26 00:00:00,34.79,34.44,36.51,-35.798556758257035,-4.412989175686937,1000,1190.7460730556693,Lose
short,2022-08-26 00:00:00,35.23,2022-08-29 13:00:00,31.58,29.9,35.77,101.65668464376947,-1.5327845586148348,1000,1292.4027576994388,Win
long,2022-08-29 23:00:00,32.04,2022-08-30 14:00:00,31.3,31.05,33.17,-24.184581772783996,-3.089887640449433,1000,1268.2181759266548,Lose
short,2022-08-30 17:00:00,30.85,2022-08-31 03:00:00,32.44,30.7,32.64,-52.665478119935024,-5.802269043760127,1000,1215.5526978067198,Lose
long,2022-08-31 03:00:00,32.29,2022-09-01 03:00:00,31.2,30.94,32.95,-35.03970269433265,-4.180860947661809,1000,1180.5129951123872,Lose
short,2022-09-01 03:00:00,31.39,2022-09-02 12:00:00,32.0,30.37,32.2,-20.842656897100955,-2.580439630455566,1000,1159.6703382152862,Lose
long,2022-09-02 13:00:00,32.0,2022-09-02 17:00:00,31.16,31.1,32.37,-27.236875,-2.8124999999999956,1000,1132.433463215286,Lose
short,2022-09-02 18:00:00,31.17,2022-09-04 11:00:00,31.85,30.72,31.86,-23.326756496631262,-2.213666987487962,1000,1109.1067067186548,Lose
long,2022-09-04 11:00:00,31.62,2022-09-05 10:00:00,31.19,31.12,32.5,-14.792188488298569,-1.5812776723592663,1000,1094.3145182303563,Lose
short,2022-09-05 11:00:00,31.2,2022-09-05 21:00:00,32.09,31.15,32.26,-29.639903846153928,-3.397435897435894,1000,1064.6746143842024,Lose
long,2022-09-05 21:00:00,31.93,2022-09-06 17:00:00,31.48,31.29,33.88,-15.286282492953372,-2.0043845912934564,1000,1049.388331891249,Lose
short,2022-09-06 18:00:00,31.48,2022-09-07 20:00:00,32.63,30.27,32.81,-37.84939644218543,-4.224904701397718,1000,1011.5389354490635,Lose
long,2022-09-07 21:00:00,32.64,2022-09-12 00:00:00,34.38,31.99,36.02,51.08216911764723,-1.9914215686274575,1000,1062.6211045667108,Win
short,2022-09-12 01:00:00,34.39,2022-09-12 09:00:00,37.41,34.37,37.49,-88.96013375981373,-9.014248328002331,1000,973.660970806897,Lose
long,2022-09-12 09:00:00,36.07,2022-09-13 12:00:00,35.86,35.56,38.93,-7.119101746603809,-1.4139173828666427,1000,966.5418690602932,Lose
short,2022-09-13 13:00:00,35.86,2022-09-15 07:00:00,34.69,32.63,36.09,31.14319576129404,-0.6413831567205912,1000,997.6850648215872,Win
short,2022-09-16 08:00:00,32.81,2022-09-17 15:00:00,33.28,31.48,33.3,-15.63206339530629,-1.493447119780539,1000,982.0530014262808,Lose
long,2022-09-17 17:00:00,33.33,2022-09-18 14:00:00,32.98,32.72,33.98,-11.695799579957944,-1.8301830183018286,1000,970.3572018463229,Lose
short,2022-09-18 17:00:00,32.55,2022-09-19 18:00:00,32.39,30.44,32.6,3.617972350230313,-0.15360983102919898,1000,973.9751741965532,Win
long,2022-09-19 22:00:00,32.72,2022-09-21 21:00:00,30.65,30.12,33.48,-64.73242665036679,-7.946210268948649,1000,909.2427475461864,Lose
short,2022-09-21 21:00:00,31.52,2022-09-23 03:00:00,32.99,29.98,33.23,-47.96037436548237,-5.4251269035532905,1000,861.282373180704,Lose
long,2022-09-23 03:00:00,32.5,2022-09-23 13:00:00,31.56,31.51,33.29,-30.008615384615368,-3.0461538461538415,1000,831.2737577960886,Lose
short,2022-09-23 14:00:00,31.57,2022-09-23 21:00:00,33.48,31.17,33.56,-61.53072537218872,-6.303452644916066,1000,769.7430324238999,Lose
long,2022-09-23 21:00:00,32.54,2022-09-25 14:00:00,33.04,32.54,34.78,13.858020897357054,0.0,1000,783.6010533212569,Win
short,2022-09-25 17:00:00,32.87,2022-09-26 08:00:00,33.24,31.82,33.27,-12.362093094006765,-1.2169151201703854,1000,771.2389602272501,Lose
long,2022-09-26 19:00:00,33.63,2022-09-27 16:00:00,32.92,32.52,35.4,-22.301546238477574,-3.3006244424620856,1000,748.9374139887725,Lose
short,2022-09-27 18:00:00,32.6,2022-09-28 18:00:00,33.47,31.62,33.48,-28.00046012269922,-2.6993865030674704,1000,720.9369538660733,Lose
long,2022-09-29 02:00:00,33.71,2022-09-30 20:00:00,33.29,32.62,35.19,-13.95298131118363,-3.233461880747562,1000,706.9839725548896,Lose
short,2022-09-30 23:00:00,32.79,2022-10-03 16:00:00,32.93,31.69,33.27,-6.0717291857273175,-1.4638609332113572,1000,700.9122433691623,Lose
long,2022-10-04 00:00:00,32.88,2022-10-05 14:00:00,33.37,32.82,34.38,13.495225060827119,-0.18248175182482443,1000,714.4074684299894,Win
long,2022-10-06 01:00:00,34.2,2022-10-06 21:00:00,33.42,33.4,34.48,-23.995614035087797,-2.33918128654972,1000,690.4118543949016,Lose
short,2022-10-06 22:00:00,33.41,2022-10-09 12:00:00,32.99,32.31,33.74,10.8773720442979,-0.9877282250823269,1000,701.2892264391995,Win
long,2022-10-10 01:00:00,33.28,2022-10-10 08:00:00,32.53,32.35,33.47,-23.52478966346147,-2.794471153846153,1000,677.7644367757381,Lose
short,2022-10-10 09:00:00,32.52,2022-10-13 18:00:00,30.55,27.12,32.89,58.608394833948374,-1.1377613776137683,1000,736.3728316096865,Win
long,2022-10-14 02:00:00,31.65,2022-10-14 18:00:00,30.15,30.01,31.96,-48.56966824644548,-5.181674565560812,1000,687.803163363241,Lose
short,2022-10-16 17:00:00,29.85,2022-10-16 19:00:00,30.38,29.8,30.39,-18.764321608040103,-1.8090452261306504,1000,669.0388417552009,Lose
long,2022-10-17 13:00:00,30.63,2022-10-18 14:00:00,30.35,30.16,31.47,-10.436793992817583,-1.5344433561867412,1000,658.6020477623833,Lose
short,2022-10-18 17:00:00,30.27,2022-10-23 02:00:00,28.41,26.82,30.46,59.17770069375611,-0.6276841757515734,1000,717.7797484561395,Win
long,2022-10-23 03:00:00,28.42,2022-10-24 16:00:00,28.29,27.68,29.53,-5.971956368754589,-2.6038001407459603,1000,711.8077920873849,Lose
short,2022-10-24 23:00:00,28.42,2022-10-25 13:00:00,28.89,28.03,29.01,-17.645918367346827,-2.0760028149190703,1000,694.1618737200381,Lose
long,2022-10-25 14:00:00,28.9,2022-10-28 02:00:00,30.52,28.8,32.35,54.3273356401385,-0.3460207612456674,1000,748.4892093601766,Win
long,2022-10-28 17:00:00,31.81,2022-10-30 15:00:00,32.2,31.56,33.85,10.754165356806093,-0.785916378497328,1000,759.2433747169827,Win
long,2022-10-31 05:00:00,33.12,2022-10-31 17:00:00,32.67,32.6,34.39,-14.680163043478142,-1.5700483091787323,1000,744.5632116735045,Lose
short,2022-10-31 21:00:00,32.53,2022-11-04 03:00:00,31.92,30.2,33.38,16.861297264063953,-2.612972640639414,1000,761.4245089375685,Win
long,2022-11-04 04:00:00,31.92,2022-11-06 15:00:00,35.03,31.66,38.79,95.68236215538833,-0.8145363408521351,1000,857.1068710929568,Win
short,2022-11-06 19:00:00,34.5,2022-11-10 15:00:00,17.459,9.423,34.5,492.089,0.0,1000,1349.1958710929568,Win
short,2022-11-12 05:00:00,15.27,2022-11-14 06:00:00,14.576,12.0,15.972,43.87131630648326,-4.597249508840864,1000,1393.0671873994402,Win
long,2022-11-15 07:00:00,14.196,2022-11-17 12:00:00,13.635,13.476,15.12,-41.09841504649199,-5.071851225697372,1000,1351.9687723529482,Lose
short,2022-11-17 13:00:00,13.635,2022-11-20 04:00:00,13.23,12.564,13.9,28.017821782178167,-1.9435276861019475,1000,1379.9865941351263,Win
short,2022-11-20 11:00:00,12.728,2022-11-22 13:00:00,11.866,10.901,13.12,66.15856379635451,-3.079824010056564,1000,1446.1451579314808,Win
long,2022-11-23 00:00:00,12.429,2022-11-26 20:00:00,14.096,12.4,14.964,131.95475098559822,-0.23332528763375907,1000,1578.099908917079,Win
short,2022-11-26 23:00:00,14.027,2022-11-29 04:00:00,13.711,12.743,14.428,20.939245740357787,-2.8587723675768277,1000,1599.0391546574367,Win
long,2022-11-30 01:00:00,13.788,2022-12-02 02:00:00,13.404,13.172,14.3,-29.43637946040027,-4.467653031621698,1000,1569.6027751970364,Lose
short,2022-12-02 02:00:00,13.482,2022-12-04 20:00:00,13.67,13.2,13.834,-15.751490876724546,-2.6108885921970058,1000,1553.8512843203118,Lose
long,2022-12-04 21:00:00,13.671,2022-12-05 19:00:00,13.676,13.578,14.16,-0.8344451759198768,-0.6802721088435372,1000,1553.016839144392,Lose
long,2022-12-06 03:00:00,14.009,2022-12-07 07:00:00,13.616,13.557,14.373,-29.339367549432577,-3.226497251766721,1000,1523.6774715949593,Lose
short,2022-12-07 08:00:00,13.615,2022-12-08 18:00:00,13.727,13.258,13.764,-9.630334190231373,-1.0943811972089543,1000,1514.047137404728,Lose
long,2022-12-09 10:00:00,13.921,2022-12-09 20:00:00,13.543,13.527,14.0,-28.239645140435325,-2.830256447094319,1000,1485.8074922642925,Lose
short,2022-12-09 21:00:00,13.542,2022-12-11 18:00:00,13.764,13.5,13.765,-17.90163934426219,-1.6467286959090295,1000,1467.9058529200304,Lose
long,2022-12-11 19:00:00,13.763,2022-12-11 22:00:00,13.468,13.396,13.785,-22.42356317663288,-2.6665697885635335,1000,1445.4822897433976,Lose
short,2022-12-11 22:00:00,13.617,2022-12-13 11:00:00,13.343,12.753,13.617,18.731967393699065,0.0,1000,1464.2142571370966,Win
long,2022-12-13 12:00:00,13.343,2022-12-14 23:00:00,14.12,13.171,14.96,56.80366484298867,-1.2890654275650197,1000,1521.0179219800852,Win
short,2022-12-16 09:00:00,13.697,2022-12-20 06:00:00,12.383,11.651,13.697,93.88138278455129,0.0,1000,1614.8993047646366,Win
long,2022-12-20 07:00:00,12.385,2022-12-22 14:00:00,11.819,11.782,12.475,-47.27759386354459,-4.8687928946306,1000,1567.621710901092,Lose
short,2022-12-22 14:00:00,12.015,2022-12-29 23:00:00,9.614,7.777,12.106,196.73345817727844,-0.7573866000832234,1000,1764.3551690783704,Win
long,2022-12-30 21:00:00,9.816,2023-01-11 15:00:00,15.413,9.64,17.5,565.4064282803583,-1.7929910350448262,1000,2329.761597358729,Win
short,2023-01-11 16:00:00,15.413,2023-01-11 22:00:00,16.189,15.27,16.298,-51.37228313761112,-5.741906183092182,1000,2278.3893142211177,Lose
long,2023-01-12 00:00:00,16.354,2023-01-18 08:00:00,22.342,15.4,25.2,363.06587990705646,-5.8334352451999445,1000,2641.4551941281743,Win
short,2023-01-18 08:00:00,22.989,2023-01-20 16:00:00,22.033,20.31,23.674,39.905898473182866,-2.9796859367523543,1000,2681.361092601357,Win
long,2023-01-20 18:00:00,22.494,2023-01-22 20:00:00,23.887,22.479,26.687,60.296661331910805,-0.06668444918645225,1000,2741.657753933268,Win
short,2023-01-23 22:00:00,24.345,2023-01-25 12:00:00,24.288,22.11,25.3,0.9425138632161637,-3.922776750872877,1000,2742.6002677964843,Win
long,2023-01-25 22:00:00,24.925,2023-01-30 09:00:00,24.024,23.242,26.869,-38.43037111334007,-6.7522567703109315,1000,2704.169896683144,Lose
short,2023-01-30 10:00:00,24.025,2023-02-01 19:00:00,24.216,22.45,24.744,-9.65402705515094,-2.992715920915718,1000,2694.515869627993,Lose
long,2023-02-01 23:00:00,24.952,2023-02-02 21:00:00,24.237,24.121,26.173,-29.840690125040325,-3.3303943571657704,1000,2664.6751795029527,Lose
short,2023-02-05 00:00:00,24.318,2023-02-07 17:00:00,23.665,22.471,24.46,25.065963483839294,-0.5839295994736386,1000,2689.741142986792,Win
long,2023-02-08 00:00:00,23.817,2023-02-08 20:00:00,22.933,22.781,24.24,-38.2977872947894,-4.349834152076254,1000,2651.4433556920026,Lose
short,2023-02-08 20:00:00,23.082,2023-02-12 06:00:00,20.944,19.66,23.345,90.67260202755402,-1.139415995147726,1000,2742.1159577195567,Win
long,2023-02-12 16:00:00,21.41,2023-02-13 01:00:00,20.814,20.673,22.529,-28.92354040168148,-3.4423166744511997,1000,2713.1924173178754,Lose
short,2023-02-13 10:00:00,20.305,2023-02-14 09:00:00,21.456,19.72,21.547,-57.9138882048755,-6.116720019699586,1000,2655.278529113,Lose
long,2023-02-14 10:00:00,21.456,2023-02-16 21:00:00,22.997,20.866,24.16,70.0854912378821,-2.7498135719612224,1000,2725.364020350882,Win
long,2023-02-17 20:00:00,23.469,2023-02-21 16:00:00,24.813,22.714,27.15,55.13839959094974,-3.2170096723337274,1000,2780.5024199418317,Win
short,2023-02-21 16:00:00,25.066,2023-02-26 02:00:00,22.65,21.4,25.525,94.13373493975898,-1.831165722492618,1000,2874.6361548815908,Win
long,2023-02-26 19:00:00,23.239,2023-02-27 18:00:00,22.545,22.309,23.52,-31.048659580876897,-4.0018933689057175,1000,2843.5874953007137,Lose
short,2023-02-27 19:00:00,22.544,2023-03-01 08:00:00,22.753,21.639,22.904,-10.675394783534388,-1.5968772178850221,1000,2832.912100517179,Lose
short,2023-03-02 06:00:00,21.95,2023-03-05 00:00:00,21.388,20.175,22.148,23.816446469248213,-0.9020501138952182,1000,2856.7285469864273,Win
long,2023-03-05 05:00:00,21.399,2023-03-06 04:00:00,20.704,20.65,21.424,-33.661914108135925,-3.5001635590448257,1000,2823.0666328782913,Lose
short,2023-03-06 04:00:00,20.909,2023-03-10 13:00:00,17.565,15.993,21.18,157.711095700416,-1.2960925917069244,1000,2980.7777285787074,Win
long,2023-03-11 02:00:00,18.699,2023-03-11 07:00:00,17.053,16.951,18.78,-88.98208460345475,-9.348093480934814,1000,2891.7956439752525,Lose
short,2023-03-11 08:00:00,17.054,2023-03-12 17:00:00,18.558,16.927,18.7,-89.63454907939487,-9.651694617098633,1000,2802.161094895858,Lose
long,2023-03-12 17:00:00,17.933,2023-03-15 13:00:00,20.291,17.915,22.152,129.62368817264252,-0.10037361289243676,1000,2931.7847830685005,Win
short,2023-03-15 16:00:00,19.237,2023-03-17 10:00:00,20.629,18.633,20.667,-73.89673545771183,-7.433591516348721,1000,2857.888047610789,Lose
long,2023-03-17 11:00:00,20.628,2023-03-21 08:00:00,21.663,19.8,23.91,48.049432809773165,-4.013961605584639,1000,2905.9374804205618,Win
short,2023-03-21 08:00:00,21.92,2023-03-23 15:00:00,22.392,20.918,23.333,-23.143613138686,-6.446167883211664,1000,2882.793867281876,Lose
long,2023-03-23 22:00:00,22.13,2023-03-24 15:00:00,21.181,20.96,22.268,-44.06152281970163,-5.286940804337995,1000,2838.7323444621743,Lose
short,2023-03-24 15:00:00,21.434,2023-03-26 13:00:00,21.11,20.074,21.434,13.623728655407396,0.0,1000,2852.3560731175817,Win
short,2023-03-27 08:00:00,20.436,2023-03-28 18:00:00,20.64,19.297,20.707,-11.387375220199585,-1.3260912115873986,1000,2840.9686978973823,Lose
long,2023-03-28 19:00:00,20.642,2023-03-30 15:00:00,20.521,20.2,21.661,-7.358904175951849,-2.1412653812615066,1000,2833.6097937214304,Lose
short,2023-03-30 17:00:00,20.368,2023-03-31 14:00:00,20.875,20.01,20.917,-26.104433424980485,-2.695404556166551,1000,2807.50536029645,Lose
long,2023-03-31 17:00:00,20.972,2023-04-02 15:00:00,20.57,20.4,21.486,-20.658830822048554,-2.7274461186343824,1000,2786.8465294744014,Lose
short,2023-04-02 16:00:00,20.571,2023-04-03 18:00:00,20.63,19.937,20.763,-4.169549365611602,-0.9333527781828795,1000,2782.67698010879,Lose
long,2023-04-03 20:00:00,20.891,2023-04-05 16:00:00,20.665,20.04,21.34,-12.312646594227154,-4.0735244842276535,1000,2770.3643335145625,Lose
short,2023-04-06 08:00:00,20.627,2023-04-10 16:00:00,20.47,19.821,20.86,5.315188830174067,-1.1295874339458019,1000,2775.6795223447366,Win
long,2023-04-10 17:00:00,20.471,2023-04-14 15:00:00,23.845,20.466,25.5,162.63611450344385,-0.0244247960529481,1000,2938.3156368481805,Win
short,2023-04-15 14:00:00,24.255,2023-04-16 18:00:00,24.661,23.811,24.661,-18.047186147186217,-1.6738816738816837,1000,2920.2684507009944,Lose
long,2023-04-16 19:00:00,24.661,2023-04-18 00:00:00,24.373,24.303,26.067,-12.97251936255624,-1.451684846518797,1000,2907.295931338438,Lose
short,2023-04-18 00:00:00,24.59,2023-04-18 10:00:00,25.26,24.0,25.36,-28.360471736478235,-3.131354209028058,1000,2878.93545960196,Lose
long,2023-04-18 12:00:00,25.363,2023-04-19 06:00:00,24.291,24.252,25.414,-43.445160272838336,-4.3803966407759365,1000,2835.4902993291216,Lose
short,2023-04-19 06:00:00,24.665,2023-04-23 05:00:00,21.945,20.809,24.693,108.23286032840049,-0.11352118386378368,1000,2943.723159657522,Win
long,2023-04-23 08:00:00,22.072,2023-04-23 16:00:00,21.496,21.25,22.245,-27.183363537513568,-3.724175425878938,1000,2916.5397961200083,Lose
short,2023-04-23 17:00:00,21.496,2023-04-25 21:00:00,21.749,20.714,22.0,-13.375516375139616,-2.3446222553033182,1000,2903.1642797448685,Lose
long,2023-04-25 22:00:00,21.749,2023-04-26 19:00:00,21.069,20.687,22.977,-32.45017242172058,-4.882983125660939,1000,2870.714107323148,Lose
short,2023-04-26 23:00:00,21.19,2023-04-27 20:00:00,22.385,21.155,22.541,-57.62272298253884,-6.3756488909863105,1000,2813.091384340609,Lose
long,2023-04-27 20:00:00,22.317,2023-04-30 20:00:00,23.025,22.099,24.0,29.80883183223541,-0.9768338038266791,1000,2842.900216172844,Win
short,2023-05-01 00:00:00,22.728,2023-05-03 21:00:00,22.029,21.22,22.88,28.970393347412873,-0.6687785990848181,1000,2871.870609520257,Win
long,2023-05-04 02:00:00,22.342,2023-05-04 18:00:00,21.677,21.62,22.451,-30.949686688747686,-3.231581774236853,1000,2840.9209228315094,Lose
short,2023-05-04 23:00:00,21.657,2023-05-05 14:00:00,22.344,21.5,22.481,-32.837706053469965,-3.8047744378261146,1000,2808.0832167780395,Lose
long,2023-05-05 14:00:00,22.11,2023-05-06 12:00:00,22.159,22.015,23.233,1.015083672546361,-0.4296698326549021,1000,2809.098300450586,Win
short,2023-05-06 15:00:00,21.677,2023-05-07 15:00:00,22.446,21.54,22.547,-36.79312635512293,-4.013470498685247,1000,2772.305174095463,Lose
long,2023-05-07 16:00:00,22.446,2023-05-07 23:00:00,21.659,21.643,22.778,-36.04439543794011,-3.5774748284772375,1000,2736.2607786575227,Lose
short,2023-05-08 00:00:00,21.659,2023-05-10 12:00:00,21.136,19.838,21.816,22.459079366545037,-0.7248718777413548,1000,2758.719858024068,Win
short,2023-05-11 08:00:00,20.581,2023-05-12 21:00:00,20.712,19.65,20.931,-7.768276565764635,-1.7005976385987145,1000,2750.9515814583033,Lose
long,2023-05-12 21:00:00,20.55,2023-05-15 00:00:00,20.667,20.549,21.29,4.090583941605957,-0.004866180048667747,1000,2755.042165399909,Win
long,2023-05-15 03:00:00,21.127,2023-05-16 01:00:00,20.805,20.647,21.518,-16.433540019879818,-2.2719742509584915,1000,2738.6086253800295,Lose
short,2023-05-16 02:00:00,20.804,2023-05-17 01:00:00,21.011,20.427,21.1,-11.154984618342594,-1.4228033070563495,1000,2727.453640761687,Lose
long,2023-05-17 20:00:00,21.024,2023-05-18 15:00:00,20.512,20.45,21.2,-25.540943683409527,-2.730213089802138,1000,2701.9126970782772,Lose
short,2023-05-18 15:00:00,20.588,2023-05-23 03:00:00,20.038,19.266,20.631,24.427948319409417,-0.2088595298231944,1000,2726.340645397687,Win
long,2023-05-23 03:00:00,19.876,2023-05-24 03:00:00,19.545,19.429,20.17,-17.94492352586025,-2.248943449386208,1000,2708.3957218718265,Lose
short,2023-05-24 04:00:00,19.546,2023-05-27 06:00:00,19.6,18.53,19.647,-4.66409495548977,-0.5167297656809531,1000,2703.7316269163366,Lose
long,2023-05-27 06:00:00,19.493,2023-05-29 16:00:00,20.33,19.4,21.187,41.21702149489557,-0.4770943415585081,1000,2744.948648411232,Win
long,2023-05-30 02:00:00,20.853,2023-05-31 05:00:00,20.566,20.509,21.39,-15.056126216851457,-1.6496427372560358,1000,2729.8925221943805,Lose
short,2023-05-31 06:00:00,20.565,2023-06-02 05:00:00,21.057,20.289,21.137,-25.436105032822557,-2.781424750790173,1000,2704.456417161558,Lose
long,2023-06-02 05:00:00,20.929,2023-06-05 02:00:00,21.587,20.929,22.297,29.62390940799863,0.0,1000,2734.0803265695567,Win
short,2023-06-05 14:00:00,21.454,2023-06-06 19:00:00,20.569,19.114,21.538,39.9716742798546,-0.39153537801808347,1000,2774.0520008494113,Win
short,2023-06-07 14:00:00,19.706,2023-06-09 11:00:00,19.258,18.212,19.706,21.245559728001645,0.0,1000,2795.297560577413,Win
short,2023-06-09 16:00:00,18.668,2023-06-16 17:00:00,15.235,12.6,18.669,180.88952753374764,-0.005356760231418589,1000,2976.187088111161,Win
long,2023-06-16 17:00:00,14.983,2023-06-18 22:00:00,15.367,14.981,16.211,24.016231729293146,-0.013348461589806232,1000,3000.203319840454,Win
long,2023-06-19 20:00:00,15.849,2023-06-22 14:00:00,16.815,15.715,17.737,59.11974257050928,-0.8454792100448,1000,3059.323062410963,Win
short,2023-06-23 01:00:00,16.636,2023-06-23 15:00:00,16.961,16.129,17.051,-20.645714113969678,-2.494590045684054,1000,3038.6773482969934,Lose
long,2023-06-23 18:00:00,17.091,2023-06-24 15:00:00,16.614,16.4,17.535,-29.095471300684626,-4.043063600725542,1000,3009.581876996309,Lose
short,2023-06-24 17:00:00,16.647,2023-06-25 07:00:00,17.26,16.32,17.36,-37.9418633988107,-4.2830540037244,1000,2971.640013597498,Lose
long,2023-06-25 07:00:00,17.071,2023-06-26 16:00:00,16.336,16.072,17.376,-44.43394645890709,-5.8520297580692535,1000,2927.206067138591,Lose
short,2023-06-26 16:00:00,16.812,2023-06-27 21:00:00,16.906,15.888,16.938,-6.894039971448757,-0.7494646680942044,1000,2920.3120271671423,Lose
long,2023-06-27 22:00:00,16.906,2023-06-28 06:00:00,16.175,16.031,16.924,-44.31746717141829,-5.1756772743404715,1000,2875.994559995724,Lose
short,2023-06-28 06:00:00,16.221,2023-06-29 09:00:00,17.206,15.473,17.296,-62.054115036064395,-6.627211639233089,1000,2813.9404449596595,Lose
long,2023-06-29 10:00:00,17.205,2023-07-04 23:00:00,19.13,16.991,20.038,109.23013658820106,-1.2438244696309135,1000,2923.170581547861,Win
short,2023-07-05 09:00:00,19.176,2023-07-06 01:00:00,19.669,18.151,19.7,-26.922074468085153,-2.732582394659997,1000,2896.2485070797757,Lose
long,2023-07-06 02:00:00,19.668,2023-07-10 00:00:00,20.967,18.803,22.468,63.91334655277608,-4.39800691478543,1000,2960.161853632552,Win
short,2023-07-10 08:00:00,20.724,2023-07-10 19:00:00,21.568,20.434,21.619,-41.84609148812989,-4.318664350511482,1000,2918.315762144422,Lose
long,2023-07-11 02:00:00,21.682,2023-07-13 02:00:00,21.668,21.485,23.059,-2.245374042984987,-0.9085877686560243,1000,2916.070388101437,Lose
long,2023-07-13 11:00:00,22.187,2023-07-17 15:00:00,27.009,22.034,33.579,215.02580790553006,-0.6895930049127968,1000,3131.096196006967,Win
short,2023-07-17 16:00:00,27.009,2023-07-19 17:00:00,26.67,24.751,27.259,10.957647450849628,-0.9256173867969935,1000,3142.0538434578166,Win
long,2023-07-19 19:00:00,26.849,2023-07-20 14:00:00,26.08,25.881,27.386,-29.8273418004396,-3.605348430109129,1000,3112.226501657377,Lose
short,2023-07-20 16:00:00,25.673,2023-07-26 11:00:00,23.812,22.7,25.996,69.82485101078939,-1.2581311105052018,1000,3182.051352668166,Win
long,2023-07-26 13:00:00,24.389,2023-07-30 19:00:00,24.239,23.691,25.722,-8.34723850916392,-2.8619459592439234,1000,3173.704114159002,Lose
short,2023-07-30 19:00:00,24.881,2023-08-01 23:00:00,24.045,22.6,24.91,32.01673566174987,-0.11655480085205544,1000,3205.720849820752,Win
short,2023-08-02 14:00:00,23.423,2023-08-04 13:00:00,23.351,22.402,23.55,1.5754386713912774,-0.5422021090381355,1000,3207.296288492143,Win
long,2023-08-04 14:00:00,23.352,2023-08-05 00:00:00,22.654,22.432,23.496,-30.975428228845423,-3.939705378554307,1000,3176.3208602632976,Lose
short,2023-08-05 00:00:00,22.791,2023-08-06 08:00:00,23.255,22.17,23.47,-21.76909306305106,-2.9792461936729344,1000,3154.5517672002466,Lose
long,2023-08-06 08:00:00,23.006,2023-08-07 16:00:00,22.628,22.25,23.671,-17.822281144049448,-3.286099278449101,1000,3136.729486056197,Lose
short,2023-08-07 16:00:00,22.754,2023-08-08 05:00:00,23.241,22.25,23.306,-22.513531686736265,-2.4259470862265955,1000,3114.2159543694606,Lose
long,2023-08-08 11:00:00,23.333,2023-08-13 16:00:00,24.485,23.175,25.3,46.8474478206833,-0.6771525307504295,1000,3161.0634021901437,Win
short,2023-08-13 16:00:00,24.58,2023-08-14 15:00:00,24.803,24.044,24.88,-10.276952807160512,-1.2205044751830787,1000,3150.7864493829834,Lose
long,2023-08-14 17:00:00,25.162,2023-08-15 19:00:00,24.037,23.477,25.5,-45.987922263730994,-6.696605993164291,1000,3104.7985271192524,Lose
short,2023-08-15 19:00:00,24.623,2023-08-23 08:00:00,20.772,19.2,24.624,153.2766884620072,-0.004061243552766394,1000,3258.0752155812597,Win
long,2023-08-23 17:00:00,21.22,2023-08-24 15:00:00,21.036,21.001,21.999,-9.866729500471104,-1.0320452403392915,1000,3248.2084860807886,Lose
short,2023-08-25 05:00:00,20.486,2023-08-27 10:00:00,20.637,20.077,20.889,-8.974572879039266,-1.9671971102216084,1000,3239.233913201749,Lose
long,2023-08-27 20:00:00,20.764,2023-08-28 05:00:00,20.351,20.19,20.826,-20.980249470236906,-2.764399922943547,1000,3218.2536637315125,Lose
short,2023-08-28 09:00:00,20.255,2023-08-29 14:00:00,21.742,20.005,22.063,-74.75067884472995,-8.926191063934832,1000,3143.5029848867825,Lose
long,2023-08-29 15:00:00,21.742,2023-08-30 14:00:00,20.903,20.74,21.988,-39.76961181124105,-4.6085916659001125,1000,3103.7333730755413,Lose
short,2023-08-30 15:00:00,20.902,2023-09-04 02:00:00,19.798,19.009,21.092,50.54432111759654,-0.9090039230695518,1000,3154.277694193138,Win
long,2023-09-04 02:00:00,19.66,2023-09-04 21:00:00,19.23,19.138,20.035,-23.0608850457782,-2.6551373346897176,1000,3131.2168091473595,Lose
short,2023-09-04 22:00:00,19.229,2023-09-05 13:00:00,19.93,19.018,19.98,-37.573581569504434,-3.9055593114566607,1000,3093.643227577855,Lose
long,2023-09-05 13:00:00,19.676,2023-09-06 14:00:00,19.425,19.326,20.6,-14.050279528359262,-1.7788168326895604,1000,3079.592948049496,Lose
short,2023-09-06 15:00:00,19.424,2023-09-07 22:00:00,19.92,19.1,19.992,-26.848187808896196,-2.9242174629324618,1000,3052.7447602406,Lose
long,2023-09-07 23:00:00,19.921,2023-09-08 18:00:00,19.457,19.341,20.28,-24.480357411776517,-2.911500426685399,1000,3028.2644028288237,Lose
short,2023-09-08 18:00:00,19.497,2023-09-12 10:00:00,18.411,17.32,19.64,53.62872749653782,-0.7334461712058301,1000,3081.8931303253617,Win
long,2023-09-13 09:00:00,18.181,2023-09-15 18:00:00,18.595,17.859,19.335,21.05963918376317,-1.7710796985864319,1000,3102.9527695091247,Win
long,2023-09-16 02:00:00,19.135,2023-09-18 00:00:00,18.652,18.56,19.459,-26.729082832505892,-3.0049647243271638,1000,3076.223686676619,Lose
short,2023-09-18 00:00:00,18.799,2023-09-18 02:00:00,19.096,18.56,19.253,-16.806612053832634,-2.415022075642325,1000,3059.417074622786,Lose
long,2023-09-18 03:00:00,19.095,2023-09-21 09:00:00,19.629,18.983,20.547,26.051453260015734,-0.5865409793139478,1000,3085.468527882802,Win
short,2023-09-21 10:00:00,19.628,2023-09-27 11:00:00,19.392,18.812,19.804,9.229651518239379,-0.8966782147951822,1000,3094.698179401041,Win
short,2023-09-27 14:00:00,19.26,2023-09-28 14:00:00,19.443,18.716,19.548,-10.806308411214971,-1.495327102803721,1000,3083.891870989826,Lose
long,2023-09-28 15:00:00,19.443,2023-10-04 00:00:00,23.093,19.395,24.83,185.03436712441479,-0.2468754821786855,1000,3268.926238114241,Win
short,2023-10-04 14:00:00,23.066,2023-10-06 17:00:00,23.648,22.483,23.75,-26.844559091303264,-2.9654036243822124,1000,3242.081679022938,Lose
long,2023-10-06 18:00:00,23.649,2023-10-09 07:00:00,22.972,22.835,24.208,-30.31268975432356,-3.442006004482219,1000,3211.7689892686144,Lose
short,2023-10-09 07:00:00,23.201,2023-10-13 20:00:00,21.944,20.82,23.203,51.90578854359739,-0.008620318089732733,1000,3263.6747778122117,Win
long,2023-10-13 21:00:00,21.944,2023-10-19 01:00:00,23.323,21.64,25.048,60.31035818446958,-1.3853445133065918,1000,3323.9851359966815,Win
short,2023-10-19 02:00:00,23.322,2023-10-19 11:00:00,24.259,23.242,24.291,-41.296745562130184,-4.154875225109344,1000,3282.6883904345514,Lose
long,2023-10-19 12:00:00,24.259,2023-10-23 13:00:00,29.126,24.052,31.374,198.32625829589017,-0.8532915618945576,1000,3481.0146487304414,Win
long,2023-10-23 22:00:00,29.985,2023-10-26 16:00:00,30.817,29.454,33.96,25.933333333333202,-1.7708854427213567,1000,3506.947982063775,Win
short,2023-10-26 16:00:00,31.297,2023-10-29 15:00:00,32.616,30.712,33.422,-43.96568680704229,-6.78978815860944,1000,3462.9822952567324,Lose
long,2023-10-29 15:00:00,32.408,2023-11-02 15:00:00,40.041,32.256,46.8,233.21050049370498,-0.46901999506295056,1000,3696.192795750437,Win
short,2023-11-02 19:00:00,39.782,2023-11-04 07:00:00,41.689,37.917,42.13,-49.360220702830574,-5.902166809109664,1000,3646.8325750476065,Lose
long,2023-11-04 23:00:00,42.428,2023-11-05 21:00:00,40.443,40.0,42.896,-47.961749316489104,-5.722635995097571,1000,3598.8708257311173,Lose
short,2023-11-06 05:00:00,40.255,2023-11-06 23:00:00,42.181,39.656,42.241,-49.06891069432361,-4.9335486274996825,1000,3549.8019150367936,Lose
long,2023-11-06 23:00:00,41.302,2023-11-09 18:00:00,43.818,40.087,49.0,59.0866882959663,-2.9417461624134336,1000,3608.88860333276,Win
long,2023-11-10 06:00:00,47.39,2023-11-13 17:00:00,53.689,46.6,64.036,130.85187803334034,-1.6670183583034377,1000,3739.7404813661,Win
short,2023-11-13 17:00:00,55.592,2023-11-14 14:00:00,57.358,51.166,58.191,-32.983044322924236,-4.67513311267809,1000,3706.7574370431757,Lose
long,2023-11-14 23:00:00,57.223,2023-11-16 15:00:00,61.647,56.16,68.356,75.77291473708127,-1.8576446533736475,1000,3782.530351780257,Win
short,2023-11-16 22:00:00,58.594,2023-11-19 06:00:00,60.341,54.093,60.618,-31.53024712427908,-3.454278595077996,1000,3751.0001046559782,Lose
long,2023-11-19 10:00:00,61.252,2023-11-20 16:00:00,57.708,56.971,62.151,-59.13040553777848,-6.98915953764776,1000,3691.8696991181996,Lose
short,2023-11-20 17:00:00,57.708,2023-11-22 19:00:00,57.313,51.2,58.849,5.248227282179156,-1.9771955361474982,1000,3697.1179264003786,Win
long,2023-11-22 20:00:00,57.313,2023-11-26 14:00:00,57.016,55.63,59.869,-7.279479350234723,-2.936506551742187,1000,3689.8384470501437,Lose
short,2023-11-26 15:00:00,57.016,2023-11-28 16:00:00,57.263,53.412,58.759,-5.934283359057138,-3.057036621299288,1000,3683.9041636910865,Lose
long,2023-11-28 17:00:00,57.26,2023-12-03 18:00:00,62.538,56.758,65.622,89.6299511002446,-0.8767027593433381,1000,3773.534114791331,Win
long,2023-12-04 04:00:00,64.291,2023-12-04 11:00:00,62.123,59.0,65.34,-34.70481093776724,-8.229767774649636,1000,3738.8293038535635,Lose
short,2023-12-04 12:00:00,62.118,2023-12-06 00:00:00,63.231,59.104,64.225,-19.326470588235335,-3.3919314852377607,1000,3719.5028332653283,Lose
long,2023-12-06 01:00:00,63.23,2023-12-09 23:00:00,72.368,61.456,77.879,142.34774632294784,-2.8056302388106817,1000,3861.850579588276,Win
short,2023-12-11 03:00:00,70.31,2023-12-13 19:00:00,70.335,63.64,72.479,-2.155745982079223,-3.0849096856777085,1000,3859.694833606197,Lose
long,2023-12-13 20:00:00,70.334,2023-12-15 16:00:00,74.064,67.0,79.679,51.50615633975013,-4.740239429010156,1000,3911.200989945947,Win
short,2023-12-17 02:00:00,73.27,2023-12-18 18:00:00,72.334,66.851,75.149,11.281056366862256,-2.5644875119421386,1000,3922.4820463128094,Win
long,2023-12-18 22:00:00,74.929,2023-12-19 17:00:00,72.069,72.001,76.384,-39.350382361969366,-3.907699288659928,1000,3883.13166395084,Lose
long,2023-12-20 08:00:00,76.12,2023-12-26 06:00:00,112.052,75.532,126.938,469.108118759853,-0.7724645296899738,1000,4352.239782710693,Win
short,2023-12-26 18:00:00,106.643,2023-12-29 06:00:00,108.227,97.32,115.5,-16.560722222743088,-8.30528023405193,1000,4335.679060487951,Lose
long,2023-12-29 15:00:00,109.312,2023-12-30 08:00:00,101.449,101.2,109.423,-73.09575252488285,-7.420960187353626,1000,4262.583307963067,Lose
short,2023-12-30 08:00:00,103.553,2023-12-31 20:00:00,104.914,99.635,105.338,-14.549599721881664,-1.7237549853698075,1000,4248.033708241186,Lose
long,2023-12-31 21:00:00,104.909,2024-01-02 14:00:00,110.21,99.791,117.1,49.00424177144001,-4.878513759543994,1000,4297.037950012626,Win
short,2024-01-03 11:00:00,107.344,2024-01-04 19:00:00,105.176,83.51,107.474,18.806849008794075,-0.12110597704576845,1000,4315.844799021421,Win
long,2024-01-04 19:00:00,103.65,2024-01-05 14:00:00,97.468,96.88,108.3,-60.81320791123973,-6.531596719729869,1000,4255.031591110181,Lose
short,2024-01-05 15:00:00,97.47,2024-01-08 12:00:00,94.017,85.1,100.439,33.643998153277906,-3.046065456037749,1000,4288.675589263458,Win
long,2024-01-08 18:00:00,96.578,2024-01-10 12:00:00,93.598,92.122,108.0,-32.3404605603761,-4.613887220692086,1000,4256.335128703082,Lose
short,2024-01-10 13:00:00,93.598,2024-01-10 21:00:00,101.654,92.205,101.969,-87.21325028312566,-8.943567170238676,1000,4169.121878419956,Lose
long,2024-01-10 23:00:00,103.307,2024-01-12 03:00:00,97.751,97.44,107.341,-55.05455680641196,-5.679189212734862,1000,4114.067321613545,Lose
short,2024-01-12 04:00:00,97.754,2024-01-13 20:00:00,96.614,85.8,100.534,10.167757841111335,-2.8438733964850553,1000,4124.235079454656,Win
long,2024-01-14 04:00:00,96.985,2024-01-14 23:00:00,93.83,93.599,102.949,-33.71453833066963,-3.4912615352889578,1000,4090.5205411239867,Lose
short,2024-01-15 23:00:00,94.237,2024-01-16 21:00:00,98.392,93.909,98.637,-45.31300762969961,-4.669079024162491,1000,4045.207533494287,Lose
long,2024-01-16 22:00:00,98.392,2024-01-18 16:00:00,95.72,94.431,103.635,-28.643101065127144,-4.025733799495892,1000,4016.5644324291598,Lose
short,2024-01-18 17:00:00,95.72,2024-01-24 00:00:00,85.499,78.96,96.071,104.3335823234434,-0.36669452569995725,1000,4120.898014752604,Win
long,2024-01-24 10:00:00,86.722,2024-01-28 19:00:00,94.461,85.1,99.428,86.89455847420514,-1.8703443186273379,1000,4207.792573226809,Win
long,2024-01-29 16:00:00,99.87,2024-01-31 00:00:00,100.508,98.5,106.5,4.985110643836816,-1.3717833183138124,1000,4212.777683870645,Win
short,2024-01-31 11:00:00,97.6,2024-02-02 06:00:00,100.147,93.1,102.719,-27.609359631147655,-5.244877049180328,1000,4185.168324239497,Lose
long,2024-02-02 07:00:00,100.14,2024-02-03 13:00:00,97.968,97.695,102.573,-22.978789694427768,-2.441581785500307,1000,4162.189534545069,Lose
short,2024-02-03 15:00:00,97.639,2024-02-05 10:00:00,97.888,94.102,98.744,-4.051485574412089,-1.1317199070043775,1000,4158.138048970657,Lose
short,2024-02-05 21:00:00,95.863,2024-02-06 19:00:00,97.546,93.116,97.714,-18.765082461429515,-1.930880527419337,1000,4139.372966509228,Lose
long,2024-02-06 20:00:00,97.546,2024-02-12 02:00:00,105.833,94.56,110.839,82.41231316507066,-3.061119881901876,1000,4221.785279674298,Win
short,2024-02-12 03:00:00,105.833,2024-02-12 15:00:00,108.834,103.382,108.994,-29.470172819441895,-2.986781060727752,1000,4192.315106854856,Lose
long,2024-02-12 18:00:00,109.778,2024-02-13 14:00:00,109.975,108.571,115.333,0.5936335149118603,-1.09949170143381,1000,4192.908740369768,Win
long,2024-02-14 09:00:00,114.833,2024-02-15 17:00:00,113.41,113.0,118.837,-13.785712295246201,-1.5962310485661775,1000,4179.123028074521,Lose
short,2024-02-15 21:00:00,113.192,2024-02-18 09:00:00,110.939,105.551,114.362,18.214185631493375,-1.0336419534949481,1000,4197.337213706015,Win
long,2024-02-18 15:00:00,112.199,2024-02-20 01:00:00,109.862,109.047,115.022,-22.218648116293398,-2.809294200483071,1000,4175.118565589722,Lose
short,2024-02-20 02:00:00,109.862,2024-02-22 09:00:00,106.732,100.255,111.185,26.90453295953103,-1.2042380440916856,1000,4202.023098549253,Win
short,2024-02-22 23:00:00,103.041,2024-02-24 17:00:00,103.549,98.5,103.937,-6.432541415553026,-0.8695567783697759,1000,4195.5905571337,Lose
long,2024-02-24 18:00:00,103.55,2024-02-26 09:00:00,101.555,101.35,105.2,-20.656422018348504,-2.1245774987928563,1000,4174.934135115352,Lose
short,2024-02-26 10:00:00,101.546,2024-02-26 15:00:00,105.087,100.35,105.183,-35.88833139660846,-3.58162803064621,1000,4139.045803718744,Lose
long,2024-02-26 15:00:00,103.612,2024-02-27 15:00:00,106.885,103.201,112.51,30.273210631973186,-0.39667220013126026,1000,4169.319014350717,Win
long,2024-02-28 09:00:00,110.534,2024-03-05 19:00:00,119.417,103.99,143.143,77.42423055349482,-5.920350299455381,1000,4246.743244904212,Win
short,2024-03-05 20:00:00,119.4,2024-03-07 01:00:00,137.514,116.009,137.596,-153.08439698492458,-15.239530988274705,1000,4093.658847919287,Lose
long,2024-03-07 01:00:00,134.779,2024-03-10 15:00:00,143.024,132.512,152.9,59.14363142626079,-1.682012776471109,1000,4152.802479345548,Win
short,2024-03-10 15:00:00,144.081,2024-03-11 07:00:00,148.237,136.371,148.75,-30.059308305744675,-3.240538308312693,1000,4122.743171039803,Lose
long,2024-03-11 08:00:00,148.26,2024-03-14 19:00:00,162.661,141.6,174.599,95.08484756508851,-4.492108458114122,1000,4217.828018604891,Win
long,2024-03-14 23:00:00,173.12,2024-03-15 08:00:00,167.428,167.015,187.088,-33.962488447319835,-3.5264556377079583,1000,4183.865530157572,Lose
long,2024-03-16 05:00:00,188.086,2024-03-16 19:00:00,180.233,178.632,198.269,-42.83130110694037,-5.026424082600516,1000,4141.034229050631,Lose
long,2024-03-17 22:00:00,196.784,2024-03-19 00:00:00,193.961,193.4,210.425,-15.63850567119256,-1.719652004227979,1000,4125.395723379439,Lose
short,2024-03-19 02:00:00,188.13,2024-03-20 18:00:00,184.015,162.453,189.959,20.384109392441403,-0.972200074416631,1000,4145.77983277188,Win
long,2024-03-20 23:00:00,190.069,2024-03-21 19:00:00,178.086,177.12,195.933,-64.2140028095059,-6.8127890397697595,1000,4081.565829962374,Lose
short,2024-03-21 23:00:00,178.414,2024-03-24 20:00:00,179.074,167.7,182.052,-5.501110899368998,-2.0390776508569988,1000,4076.064719063005,Lose
long,2024-03-24 21:00:00,179.075,2024-03-26 16:00:00,187.596,179.075,196.808,46.0596230629627,0.0,1000,4122.124342125968,Win
short,2024-03-27 16:00:00,181.235,2024-03-28 22:00:00,190.197,180.29,190.27,-50.774334427676614,-4.985240157806161,1000,4071.3500076982914,Lose
long,2024-03-28 23:00:00,190.196,2024-04-01 05:00:00,194.895,183.547,204.755,22.793739615975067,-3.495867420976256,1000,4094.1437473142664,Win
short,2024-04-01 15:00:00,191.479,2024-04-03 03:00:00,188.563,176.011,194.187,13.83643846061465,-1.4142543046495952,1000,4107.980185774881,Win
long,2024-04-03 15:00:00,190.541,2024-04-05 02:00:00,178.051,177.686,191.279,-66.91742144735265,-6.746579476333173,1000,4041.062764327528,Lose
short,2024-04-05 02:00:00,182.472,2024-04-07 01:00:00,182.329,168.1,182.529,-0.7159262791002479,-0.031237669341042978,1000,4040.346838048428,Lose
long,2024-04-07 02:00:00,182.33,2024-04-08 02:00:00,176.782,176.401,182.789,-31.713130038940374,-3.251796193714694,1000,4008.6337080094872,Lose
short,2024-04-08 04:00:00,176.555,2024-04-08 08:00:00,183.713,175.883,184.529,-41.562878423154345,-4.516439636373929,1000,3967.070829586333,Lose
long,2024-04-08 08:00:00,180.284,2024-04-09 06:00:00,176.485,175.5,184.799,-22.261771981983877,-2.653591000865297,1000,3944.809057604349,Lose
short,2024-04-09 07:00:00,176.484,2024-04-10 22:00:00,174.11,162.29,177.85,12.05837016386754,-0.774007842070661,1000,3956.8674277682167,Win
long,2024-04-11 15:00:00,173.605,2024-04-12 13:00:00,167.873,166.7,176.48,-34.20097347426632,-3.9774200051841833,1000,3922.66645429395,Lose
short,2024-04-12 13:00:00,169.801,2024-04-14 22:00:00,150.516,112.917,169.804,111.93091206765564,-0.0017667740472755312,1000,4034.597366361606,Win
long,2024-04-14 23:00:00,150.515,2024-04-15 15:00:00,143.235,141.12,156.048,-49.54308872869804,-6.241902800385332,1000,3985.054277632908,Lose
short,2024-04-16 05:00:00,132.397,2024-04-18 16:00:00,139.31,126.392,142.622,-53.940281124194826,-7.722984659773275,1000,3931.113996508713,Lose
long,2024-04-18 17:00:00,139.309,2024-04-19 01:00:00,132.245,131.33,143.88,-51.78206648529526,-5.727555290756509,1000,3879.331930023418,Lose
short,2024-04-19 02:00:00,132.242,2024-04-19 06:00:00,144.958,128.401,146.3,-97.20512393944445,-10.63051073032775,1000,3782.1268060839734,Lose
long,2024-04-19 06:00:00,138.899,2024-04-24 15:00:00,151.485,137.505,159.987,87.96729710077113,-1.00360693741496,1000,3870.0941031847447,Win
short,2024-04-24 16:00:00,151.484,2024-04-27 17:00:00,141.575,132.385,153.769,63.54555530617102,-1.5084101291225454,1000,3933.6396584909157,Win
long,2024-04-28 02:00:00,143.046,2024-04-28 22:00:00,139.025,138.219,144.679,-29.29578387371883,-3.374438991653034,1000,3904.343874617197,Lose
short,2024-04-29 00:00:00,137.922,2024-05-01 18:00:00,133.916,118.265,139.721,27.25992517509887,-1.3043604356085372,1000,3931.603799792296,Win
long,2024-05-01 19:00:00,133.917,2024-05-07 22:00:00,150.001,128.227,159.194,117.24419155148341,-4.248900438331203,1000,4048.847991343779,Win
short,2024-05-08 00:00:00,148.012,2024-05-09 18:00:00,147.671,139.892,149.885,0.8050191876333803,-1.2654379374645235,1000,4049.6530105314123,Win
long,2024-05-09 21:00:00,150.159,2024-05-10 14:00:00,147.451,145.533,155.7,-19.22519995471465,-3.080734421513199,1000,4030.4278105766975,Lose
short,2024-05-10 23:00:00,145.763,2024-05-13 08:00:00,144.535,137.78,147.755,6.728846826698144,-1.3666019497403252,1000,4037.1566574033955,Win
long,2024-05-13 17:00:00,149.544,2024-05-14 17:00:00,142.788,141.762,149.91,-46.4547504413417,-5.20381961161933,1000,3990.7019069620537,Lose
short,2024-05-14 17:00:00,143.081,2024-05-15 12:00:00,148.871,141.1,149.974,-41.68682214969167,-4.817550897743237,1000,3949.015084812362,Lose
long,2024-05-15 13:00:00,148.86,2024-05-19 12:00:00,169.076,148.107,175.9,133.63755206234035,-0.5058444175735686,1000,4082.6526368747027,Win
long,2024-05-20 05:00:00,175.519,2024-05-21 14:00:00,177.301,175.05,188.955,8.747670622553493,-0.2672075387849715,1000,4091.400307497256,Win
short,2024-05-21 20:00:00,175.346,2024-05-23 21:00:00,179.066,164.6,183.649,-22.82580497986845,-4.735209243438685,1000,4068.574502517388,Lose
short,2024-05-24 05:00:00,169.145,2024-05-27 11:00:00,167.78,161.002,170.561,6.174034112743603,-0.8371515563569699,1000,4074.7485366301316,Win
long,2024-05-27 11:00:00,166.489,2024-05-28 04:00:00,165.809,165.009,172.412,-5.282311744319486,-0.8889476181609705,1000,4069.466224885812,Lose
long,2024-05-29 03:00:00,169.758,2024-05-30 06:00:00,166.158,166.046,174.06,-22.496055561446514,-2.1866421611941806,1000,4046.9701693243655,Lose
short,2024-05-30 07:00:00,166.152,2024-05-30 17:00:00,171.47,163.64,172.735,-33.12284053156158,-3.962034763349239,1000,4013.847328792804,Lose
long,2024-05-30 17:00:00,169.897,2024-05-31 15:00:00,164.919,164.836,172.735,-30.485455305273042,-2.9788636644555107,1000,3983.361873487531,Lose
short,2024-05-31 15:00:00,166.737,2024-06-03 12:00:00,166.765,161.357,168.0,-1.9680130984723843,-0.7574803432951327,1000,3981.3938603890583,Lose
long,2024-06-03 18:00:00,165.489,2024-06-06 19:00:00,169.241,164.348,175.784,20.76086567687288,-0.6894718077938661,1000,4002.1547260659313,Win
short,2024-06-06 20:00:00,169.241,2024-06-09 14:00:00,161.351,152.22,173.0,44.843218841770124,-2.2210929975596847,1000,4046.9979449077014,Win
short,2024-06-10 08:00:00,157.642,2024-06-10 15:00:00,162.36,157.584,163.2,-30.943536620951285,-3.5257101533855146,1000,4016.05440828675,Lose
long,2024-06-10 18:00:00,162.623,2024-06-11 01:00:00,156.423,155.253,162.941,-39.10592597603039,-4.531954274610605,1000,3976.9484823107196,Lose
short,2024-06-11 01:00:00,159.006,2024-06-12 12:00:00,158.795,145.121,159.772,-0.07234255311101662,-0.4817428273146869,1000,3976.8761397576086,Lose
long,2024-06-12 13:00:00,158.795,2024-06-13 02:00:00,151.742,151.11,161.749,-45.49354828552526,-4.839573034415425,1000,3931.3825914720833,Lose
short,2024-06-13 12:00:00,149.576,2024-06-16 15:00:00,148.414,139.5,152.361,5.8725102957693505,-1.8619297213456683,1000,3937.2551017678525,Win
long,2024-06-16 15:00:00,146.196,2024-06-17 03:00:00,147.301,146.153,151.747,6.454567156420087,-0.02941256942734847,1000,3943.7096689242726,Win
short,2024-06-17 11:00:00,143.223,2024-06-19 03:00:00,140.083,127.0,146.769,20.434814938941408,-2.4758593242705373,1000,3964.144483863214,Win
long,2024-06-19 04:00:00,140.083,2024-06-20 03:00:00,132.974,132.511,141.876,-51.92311058443932,-5.405366818243472,1000,3912.221373278775,Lose
short,2024-06-20 03:00:00,134.377,2024-06-20 10:00:00,139.218,132.482,139.49,-37.04352307314488,-3.804966623752576,1000,3875.17785020563,Lose
long,2024-06-20 11:00:00,139.222,2024-06-20 15:00:00,133.196,132.427,141.255,-44.26174742497597,-4.880694143167039,1000,3830.916102780654,Lose
short,2024-06-20 15:00:00,134.502,2024-06-22 05:00:00,135.885,128.639,135.9,-11.687516170763075,-1.0393897488513153,1000,3819.228586609891,Lose
short,2024-06-23 14:00:00,133.508,2024-06-24 18:00:00,130.23,121.4,133.587,23.265112203014162,-0.05917248404588436,1000,3842.493698812905,Win
long,2024-06-25 02:00:00,132.124,2024-06-28 05:00:00,144.198,131.528,151.25,89.43815960764152,-0.45109139898883144,1000,3931.9318584205466,Win
short,2024-06-28 15:00:00,141.819,2024-06-30 08:00:00,141.24,137.1,145.715,2.584710088210817,-2.7471636381585087,1000,3934.5165685087572,Win
long,2024-06-30 19:00:00,145.244,2024-07-03 04:00:00,148.151,143.812,154.915,18.30458882983123,-0.9859271295199719,1000,3952.8211573385884,Win
short,2024-07-03 11:00:00,144.1,2024-07-05 13:00:00,133.079,120.069,144.415,74.9198507980568,-0.21859819569743075,1000,4027.741008136645,Win
long,2024-07-06 08:00:00,136.837,2024-07-07 13:00:00,136.747,136.341,144.5,-1.9573879871669941,-0.3624750615695908,1000,4025.7836201494783,Lose
short,2024-07-08 00:00:00,131.6,2024-07-08 08:00:00,140.444,127.669,140.5,-68.33724924012154,-6.762917933130703,1000,3957.446370909357,Lose
long,2024-07-08 09:00:00,140.452,2024-07-11 15:00:00,138.413,133.5,146.148,-16.410156494745397,-4.949733716857003,1000,3941.0362144146115,Lose
short,2024-07-11 16:00:00,138.424,2024-07-12 18:00:00,139.785,133.78,140.5,-11.137026093740928,-1.4997399294919909,1000,3929.8991883208705,Lose
long,2024-07-13 10:00:00,140.56,2024-07-17 16:00:00,155.841,139.025,163.722,106.46078187251013,-1.0920603301081364,1000,4036.359970193381,Win
short,2024-07-18 16:00:00,156.291,2024-07-19 03:00:00,161.788,155.07,161.976,-36.289156765264856,-3.6374455342918033,1000,4000.070813428116,Lose
long,2024-07-19 03:00:00,158.703,2024-07-23 05:00:00,174.38,158.577,185.32,96.53261059967366,-0.07939358424226686,1000,4096.6034240277895,Win
short,2024-07-23 05:00:00,175.575,2024-07-24 14:00:00,180.813,170.35,181.988,-31.248321230243597,-3.6525701267264767,1000,4065.355102797546,Lose
long,2024-07-24 15:00:00,180.823,2024-07-25 02:00:00,170.784,168.103,182.5,-56.59062066219452,-7.034503354108714,1000,4008.7644821353515,Lose
short,2024-07-25 03:00:00,170.78,2024-07-26 04:00:00,177.099,165.304,177.337,-38.31932017800677,-3.839442557676536,1000,3970.4451619573447,Lose
long,2024-07-26 04:00:00,175.689,2024-07-27 16:00:00,181.762,175.512,188.34,33.1494794779411,-0.10074620494168246,1000,4003.5946414352857,Win
long,2024-07-29 00:00:00,184.808,2024-07-29 15:00:00,186.816,184.28,193.893,9.75989783992042,-0.28570191766589736,1000,4013.354539275206,Win
short,2024-07-30 00:00:00,182.509,2024-07-31 08:00:00,183.842,175.213,184.773,-8.707401278841196,-1.240486770515432,1000,4004.647137996365,Lose
short,2024-07-31 19:00:00,180.687,2024-08-04 20:00:00,142.692,131.0,181.4,208.18590214016504,-0.39460503522665924,1000,4212.83304013653,Win
short,2024-08-05 00:00:00,138.291,2024-08-05 17:00:00,134.293,109.162,139.343,27.72450701781018,-0.7607147247470859,1000,4240.557547154341,Win
long,2024-08-06 02:00:00,138.551,2024-08-07 18:00:00,143.531,136.052,154.888,34.42547148703388,-1.8036679634214083,1000,4274.983018641375,Win
long,2024-08-08 02:00:00,152.648,2024-08-09 15:00:00,151.086,151.037,163.712,-11.627575860803905,-1.0553692154499175,1000,4263.355442780571,Lose
short,2024-08-11 12:00:00,153.567,2024-08-12 10:00:00,147.291,141.038,153.73,39.68858934536716,-0.10614259573995877,1000,4303.044032125938,Win
long,2024-08-14 13:00:00,149.837,2024-08-14 23:00:00,143.644,142.215,151.128,-42.4109145271193,-5.086861055680497,1000,4260.633117598819,Lose
short,2024-08-14 23:00:00,144.299,2024-08-18 10:00:00,143.915,136.05,147.66,0.6624716734004257,-2.3291914704883543,1000,4261.295589272219,Win
long,2024-08-18 10:00:00,142.889,2024-08-19 00:00:00,141.976,141.724,147.445,-7.486380337184865,-0.8153181840449722,1000,4253.809208935035,Lose
short,2024-08-19 11:00:00,141.096,2024-08-20 00:00:00,146.493,140.645,146.848,-39.369678091512135,-4.076657027839208,1000,4214.439530843522,Lose
long,2024-08-20 01:00:00,146.493,2024-08-20 14:00:00,142.453,142.369,148.778,-28.664320479476814,-2.8151515772084643,1000,4185.775210364046,Lose
short,2024-08-20 15:00:00,142.454,2024-08-22 10:00:00,144.065,138.689,144.471,-12.814568211492753,-1.4158956575455908,1000,4172.960642152553,Lose
long,2024-08-23 01:00:00,144.321,2024-08-25 07:00:00,156.061,142.589,162.325,79.70576977709432,-1.2001025491785668,1000,4252.666411929647,Win
short,2024-08-27 08:00:00,157.683,2024-09-01 18:00:00,134.651,130.0,157.986,143.53823937900717,-0.19215768345350945,1000,4396.204651308654,Win
short,2024-09-01 22:00:00,133.789,2024-09-02 23:00:00,134.865,126.756,135.343,-9.346535963345513,-1.161530469620075,1000,4386.858115345309,Lose
long,2024-09-02 23:00:00,134.731,2024-09-03 13:00:00,131.512,131.156,137.5,-24.980105543638818,-2.6534353637989687,1000,4361.87800980167,Lose
short,2024-09-03 15:00:00,130.252,2024-09-04 14:00:00,132.787,122.0,133.466,-20.672004268648415,-2.4675244909867016,1000,4341.206005533021,Lose
long,2024-09-04 16:00:00,133.724,2024-09-05 19:00:00,128.388,127.777,135.511,-41.18313242200341,-4.447219646435934,1000,4300.022873111017,Lose
short,2024-09-05 20:00:00,128.386,2024-09-06 12:00:00,133.451,127.39,134.0,-40.671067717663874,-4.372750922997838,1000,4259.351805393353,Lose
long,2024-09-06 13:00:00,133.45,2024-09-06 16:00:00,126.45,125.36,134.22,-53.427875608842136,-6.062195578868482,1000,4205.923929784511,Lose
short,2024-09-06 16:00:00,128.014,2024-09-09 16:00:00,132.611,120.479,133.217,-37.8280898964173,-4.064399206336809,1000,4168.095839888093,Lose
long,2024-09-09 17:00:00,132.611,2024-09-11 05:00:00,131.303,131.211,137.983,-11.258503442399087,-1.0557193596307828,1000,4156.837336445694,Lose
short,2024-09-11 06:00:00,131.302,2024-09-12 01:00:00,134.704,128.113,134.871,-27.12268967723271,-2.7181611856635977,1000,4129.7146467684615,Lose
long,2024-09-12 04:00:00,135.534,2024-09-13 11:00:00,132.499,132.422,136.712,-23.68170864875232,-2.2961028229079012,1000,4106.032938119709,Lose
short,2024-09-13 12:00:00,132.5,2024-09-13 15:00:00,136.557,131.605,136.665,-31.634177358490597,-3.1433962264150885,1000,4074.3987607612185,Lose
long,2024-09-13 16:00:00,136.549,2024-09-15 10:00:00,135.875,135.4,139.828,-6.433489077181114,-0.841456180565219,1000,4067.9652716840374,Lose
short,2024-09-15 12:00:00,135.53,2024-09-17 14:00:00,133.456,128.84,136.296,13.710536412602421,-0.5651885191470457,1000,4081.6758080966397,Win
long,2024-09-17 16:00:00,134.605,2024-09-18 09:00:00,129.12,129.1,134.88,-41.92848334014321,-4.0897440659708,1000,4039.7473247564963,Lose
short,2024-09-18 09:00:00,130.708,2024-09-18 23:00:00,134.299,126.96,134.387,-28.587189001438468,-2.8146708694188587,1000,4011.1601357550576,Lose
long,2024-09-19 00:00:00,134.3,2024-09-22 09:00:00,144.909,134.13,152.5,76.95529039463887,-0.1265822784810245,1000,4088.1154261496963,Win
short,2024-09-22 10:00:00,144.91,2024-09-23 03:00:00,147.669,140.935,149.0,-20.248923469739943,-2.822441515423369,1000,4067.8665026799563,Lose
long,2024-09-24 03:00:00,146.565,2024-09-26 00:00:00,147.213,144.101,154.074,2.9190359226281624,-1.6811653532562334,1000,4070.7855386025844,Win
short,2024-09-26 01:00:00,147.212,2024-09-26 10:00:00,152.745,146.928,152.893,-38.70404382794894,-3.8590604026845723,1000,4032.0814947746353,Lose
long,2024-09-26 10:00:00,150.707,2024-09-30 02:00:00,155.956,150.624,161.761,32.71175725082434,-0.055073752380445776,1000,4064.7932520254594,Win
short,2024-09-30 03:00:00,155.967,2024-10-04 12:00:00,142.19,133.002,157.718,86.076954740426,-1.1226733860367746,1000,4150.870206765885,Win
long,2024-10-04 19:00:00,143.849,2024-10-07 18:00:00,145.644,141.004,152.28,10.67212354621873,-1.9777683543159834,1000,4161.542330312104,Win
short,2024-10-08 01:00:00,144.76,2024-10-11 06:00:00,141.412,135.427,145.521,21.23949986184016,-0.5256977065487675,1000,4182.781830173944,Win
long,2024-10-11 10:00:00,142.055,2024-10-15 11:00:00,152.37,141.502,159.0,70.3764140649749,-0.38928583999155064,1000,4253.158244238919,Win
long,2024-10-15 13:00:00,153.43,2024-10-17 17:00:00,149.39,149.15,159.98,-27.918060353255658,-2.7895457211757813,1000,4225.240183885663,Lose
short,2024-10-17 17:00:00,151.22,2024-10-18 07:00:00,153.85,147.62,154.149,-18.50057532072482,-1.9369131067319152,1000,4206.739608564938,Lose
long,2024-10-18 17:00:00,155.65,2024-10-21 13:00:00,162.66,153.51,171.93,43.21442338580139,-1.3748795374237166,1000,4249.95403195074,Win
long,2024-10-23 19:00:00,169.7,2024-10-25 07:00:00,171.85,168.87,179.3,11.26308190925172,-0.48909840895697354,1000,4261.2171138599915,Win
short,2024-10-25 18:00:00,167.93,2024-10-26 20:00:00,172.48,159.12,173.09,-28.40817007086269,-3.0727088667897315,1000,4232.8089437891285,Lose
long,2024-10-26 21:00:00,172.49,2024-10-30 11:00:00,175.69,170.2,183.34,16.542524204301724,-1.327613194967836,1000,4249.351467993431,Win
short,2024-10-30 11:00:00,177.22,2024-11-01 13:00:00,172.92,165.03,177.46,22.675758943685825,-0.13542489560998142,1000,4272.027226937116,Win
short,2024-11-01 15:00:00,171.41,2024-11-05 13:00:00,163.63,155.03,171.74,43.310944518989544,-0.19252085642612013,1000,4315.338171456106,Win
long,2024-11-05 13:00:00,163.31,2024-11-10 20:00:00,202.72,162.72,215.64,238.69952850407185,-0.36127610066744437,1000,4554.037699960178,Win
long,2024-11-11 14:00:00,217.23,2024-11-12 12:00:00,209.23,207.64,225.69,-38.00891221286204,-4.414675689361508,1000,4516.028787747316,Lose
short,2024-11-13 01:00:00,210.69,2024-11-13 14:00:00,216.88,200.85,217.56,-30.494347145094572,-3.2607147942474746,1000,4485.534440602221,Lose
long,2024-11-13 15:00:00,216.88,2024-11-15 04:00:00,205.93,204.51,223.04,-51.86350516414593,-5.703614902250095,1000,4433.6709354380755,Lose
short,2024-11-15 04:00:00,209.16,2024-11-15 21:00:00,218.9,204.51,219.54,-47.79050487664954,-4.9627079747561655,1000,4385.880430561426,Lose
long,2024-11-15 21:00:00,216.08,2024-11-19 21:00:00,236.56,212.18,248.66,92.53232136245813,-1.8048870788596842,1000,4478.412751923884,Win
short,2024-11-20 09:00:00,237.56,2024-11-21 12:00:00,242.5,229.35,246.22,-22.105143963630134,-3.6453948476174425,1000,4456.307607960253,Lose
long,2024-11-21 12:00:00,240.01,2024-11-24 11:00:00,248.62,239.98,264.64,34.0555685179785,-0.012499479188367624,1000,4490.363176478232,Win
short,2024-11-24 12:00:00,248.62,2024-11-27 14:00:00,239.361,221.71,257.04,35.360194272383566,-3.3866945539377427,1000,4525.723370750616,Win
long,2024-11-27 16:00:00,240.59,2024-11-28 15:00:00,233.06,232.78,245.38,-32.48240990897387,-3.246186458290038,1000,4493.240960841642,Lose
short,2024-11-28 16:00:00,233.06,2024-11-29 11:00:00,245.34,233.06,245.64,-53.91663949197639,-5.397751651935117,1000,4439.324321349665,Lose
long,2024-11-29 11:00:00,241.84,2024-12-01 00:00:00,237.68,237.28,246.88,-18.592854780019856,-1.885544161429045,1000,4420.731466569646,Lose
short,2024-12-01 00:00:00,237.73,2024-12-03 21:00:00,237.68,215.11,240.06,-1.5895722037606306,-0.9801034787363869,1000,4419.1418943658855,Lose
long,2024-12-03 22:00:00,237.68,2024-12-04 16:00:00,225.91,225.01,241.07,-50.6956033322113,-5.330696735106032,1000,4368.446291033674,Lose
short,2024-12-05 01:00:00,226.42,2024-12-05 09:00:00,237.83,223.11,238.95,-51.5182713541208,-5.533963430792334,1000,4316.9280196795535,Lose
long,2024-12-05 09:00:00,235.85,2024-12-08 09:00:00,234.09,224.0,247.32,-9.358638965444031,-5.024379902480388,1000,4307.56938071411,Lose
short,2024-12-08 09:00:00,235.07,2024-12-11 10:00:00,223.83,200.0,237.99,45.93945207810431,-1.2421831794784601,1000,4353.508832792214,Win
long,2024-12-11 10:00:00,222.53,2024-12-13 06:00:00,224.0,222.43,234.66,5.102547971060146,-0.04493776120073443,1000,4358.611380763274,Win
short,2024-12-14 10:00:00,225.89,2024-12-15 23:00:00,224.21,215.04,226.04,6.040966842268391,-0.06640400194785324,1000,4364.652347605542,Win
long,2024-12-16 00:00:00,224.21,2024-12-16 10:00:00,217.5,217.1,227.41,-31.012336648677636,-3.171134204540392,1000,4333.640010956864,Lose
short,2024-12-16 10:00:00,218.42,2024-12-17 09:00:00,221.85,211.15,222.3,-16.911541983335002,-1.7763941031041224,1000,4316.728468973529,Lose
long,2024-12-17 11:00:00,222.89,2024-12-18 05:00:00,215.67,215.21,228.9,-33.57646372650193,-3.445645834268015,1000,4283.152005247027,Lose
