Available Balance,Trade Action,Entry Time,Entry Price (Open),Entry Fee,Exit Time,Exit Price,Realized Profit/Loss,Net Realized Profit/Loss,Cumulative Profit/Loss,Cumulative Net Profit/Loss,Trade Status,Hold Length
1000.0,Short,2022-01-03 03:00:00+00:00,173.49,0.5,2022-01-04 14:00:00+00:00,171.6,10.888552654331761,9.89399965415884,10.888552654331761,9.89399965415884,Win,35.0
1000.0,Short,2022-01-05 18:00:00+00:00,163.53,0.5,2022-01-08 09:00:00+00:00,145.62,109.46642817831594,108.52118877270229,120.3549808326477,118.41518842686114,Win,63.0
1000.0,Short,2022-01-08 18:00:00+00:00,135.41,0.5,2022-01-09 19:00:00+00:00,143.34,-58.533601654235326,-59.56288309578322,61.82137917841237,58.852305331077915,Loss,25.0
1000.0,Long,2022-01-09 20:00:00+00:00,145.23,0.5,2022-01-10 12:00:00+00:00,139.39,-40.19197135578054,-41.1718653170833,21.629407822631833,17.680440013994613,Loss,16.0
1000.0,Short,2022-01-10 13:00:00+00:00,135.46,0.5,2022-01-11 16:00:00+00:00,137.06,-11.805699099365143,-12.81160490181605,9.82370872326669,4.868835112178562,Loss,27.0
1000.0,Long,2022-01-11 17:00:00+00:00,140.54,0.5,2022-01-13 18:00:00+00:00,150.62,71.68749110573503,70.65162942934397,81.51119982900173,75.52046454152253,Win,49.0
1000.0,Short,2022-01-14 11:00:00+00:00,143.08,0.5,2022-01-16 07:00:00+00:00,148.43,-37.37297316186755,-38.39166899636573,44.13822666713418,37.1287955451568,Loss,44.0
1000.0,Long,2022-01-16 15:00:00+00:00,151.21,0.5,2022-01-17 02:00:00+00:00,145.99,-34.50426559089999,-35.48700482772295,9.633961076234186,1.6417907174338495,Loss,11.0
1000.0,Short,2022-01-17 03:00:00+00:00,145.1,0.5,2022-01-18 22:00:00+00:00,140.47,31.893073742246656,30.909028256374842,41.52703481848084,32.55081897380869,Win,43.0
1000.0,Short,2022-01-19 08:00:00+00:00,134.42,0.5,2022-01-20 14:00:00+00:00,139.12,-34.94755244755265,-35.96503496503517,6.57948237092819,-3.4142159912264844,Loss,30.0
1000.0,Long,2022-01-20 15:00:00+00:00,141.51,0.5,2022-01-20 21:00:00+00:00,138.21,-23.30824676701286,-24.296586813652674,-16.72876439608467,-27.710802804879158,Loss,6.0
1000.0,Short,2022-01-20 22:00:00+00:00,132.12,0.5,2022-01-24 20:00:00+00:00,89.56,321.9703300030276,321.13139570087804,305.2415656069429,293.4205928959989,Win,94.0
1000.0,Long,2022-01-25 16:00:00+00:00,92.86,0.5,2022-01-26 21:00:00+00:00,93.95,11.732231315959552,10.726362265776482,316.97379692290247,304.14695516177534,Win,29.0
1000.0,Short,2022-01-26 22:00:00+00:00,89.97,0.5,2022-01-29 05:00:00+00:00,94.11,-45.992330776925655,-47.01533844614873,270.9814661459768,257.1316167156266,Loss,55.0
1000.0,Long,2022-01-29 06:00:00+00:00,95.26,0.5,2022-01-30 19:00:00+00:00,94.3,-10.072643292042812,-11.067604450976258,260.908822853934,246.06401226465033,Loss,37.0
1000.0,Short,2022-01-30 20:00:00+00:00,91.94,0.5,2022-01-31 15:00:00+00:00,92.44,-5.43561018055243,-6.438329345225043,255.47321267338157,239.6256829194253,Loss,19.0
1000.0,Long,2022-01-31 17:00:00+00:00,97.81,0.5,2022-02-02 20:00:00+00:00,109.95,124.05612923014019,122.99407013597803,379.52934190352175,362.6197530554033,Win,51.0
1000.0,Short,2022-02-02 22:00:00+00:00,100.32,0.5,2022-02-04 05:00:00+00:00,102.43,-21.022179027113452,-22.032695374800852,358.5071628764083,340.58705768060247,Loss,31.0
1000.0,Long,2022-02-04 07:00:00+00:00,106.11,0.5,2022-02-08 08:00:00+00:00,117.64,108.6064932617096,107.55216284987283,467.1136561381179,448.1392205304753,Win,97.0
1000.0,Short,2022-02-08 09:00:00+00:00,114.12,0.5,2022-02-14 14:00:00+00:00,95.23,165.44475113915178,164.52751489660008,632.5584072772697,612.6667354270754,Win,149.0
1000.0,Long,2022-02-14 23:00:00+00:00,96.78,0.5,2022-02-16 14:00:00+00:00,99.5,28.090927877660533,27.076875387476612,660.6493351549302,639.7436108145521,Win,39.0
1000.0,Short,2022-02-17 11:00:00+00:00,98.33,0.5,2022-02-20 17:00:00+00:00,90.19,82.74107596867691,81.78246720227804,743.3904111236071,721.5260780168301,Win,78.0
1000.0,Long,2022-02-20 23:00:00+00:00,92.94,0.5,2022-02-21 11:00:00+00:00,92.77,-1.8282225091456894,-2.8273079406068473,741.5621886144614,718.6987700762232,Loss,12.0
1000.0,Short,2022-02-21 13:00:00+00:00,88.22,0.5,2022-02-23 05:00:00+00:00,87.75,5.324926320562213,4.327590115620023,746.8871149350236,723.0263601918433,Win,40.0
1000.0,Long,2022-02-23 06:00:00+00:00,89.29,0.5,2022-02-23 21:00:00+00:00,87.7,-17.798241684399272,-18.789338111770757,729.0888732506244,704.2370220800725,Loss,15.0
1000.0,Short,2022-02-24 00:00:00+00:00,84.53,0.5,2022-02-24 18:00:00+00:00,84.14,4.611439725541231,3.6137465988406516,733.7003129761656,707.8507686789131,Win,18.0
1000.0,Long,2022-02-24 20:00:00+00:00,90.76,0.5,2022-02-27 01:00:00+00:00,87.86,-31.9364257382108,-32.92044953724121,701.7638872379548,674.9303191416719,Loss,53.0
1000.0,Long,2022-02-27 13:00:00+00:00,91.66,0.5,2022-02-27 19:00:00+00:00,87.49,-45.4714706524112,-46.448723543530555,656.2924165855436,628.4815955981413,Loss,6.0
1000.0,Short,2022-02-27 20:00:00+00:00,84.81,0.5,2022-02-28 11:00:00+00:00,89.98,-60.92931258106364,-61.959792477302294,595.36310400448,566.5218031208391,Loss,15.0
1000.0,Long,2022-02-28 12:00:00+00:00,90.72,0.5,2022-03-03 15:00:00+00:00,98.46,85.27480158730145,84.23214285714272,680.6379055917814,650.7539459779819,Win,75.0
1000.0,Short,2022-03-03 16:00:00+00:00,95.92,0.5,2022-03-09 03:00:00+00:00,84.23,121.81145746455388,120.87239366138458,802.4493630563353,771.6263396393664,Win,131.0
1000.0,Long,2022-03-09 04:00:00+00:00,88.09,0.5,2022-03-10 04:00:00+00:00,85.31,-31.54285389942106,-32.52707458281305,770.9065091569142,739.0992650565533,Loss,24.0
1000.0,Short,2022-03-10 05:00:00+00:00,83.18,0.5,2022-03-14 09:00:00+00:00,81.35,21.98948064438582,21.000480884828235,792.8959898013001,760.0997459413816,Win,100.0
1000.0,Long,2022-03-14 23:00:00+00:00,80.77,0.5,2022-03-18 02:00:00+00:00,86.42,69.91673888820128,68.8817630308285,862.8127286895013,828.9815089722101,Win,75.0
1000.0,Long,2022-03-18 16:00:00+00:00,88.26,0.5,2022-03-20 11:00:00+00:00,90.53,25.70660548379783,24.693745751189628,888.5193341732992,853.6752547233998,Win,43.0
1000.0,Short,2022-03-20 16:00:00+00:00,89.15,0.5,2022-03-22 04:00:00+00:00,90.99,-20.62905215928197,-21.639371845204572,867.8902820140172,832.0358828781953,Loss,36.0
1000.0,Long,2022-03-22 05:00:00+00:00,91.99,0.5,2022-03-25 16:00:00+00:00,100.28,90.07343189477115,89.02837264920097,957.9637139087883,921.0642555273962,Win,83.0
1000.0,Long,2022-03-26 17:00:00+00:00,103.12,0.5,2022-03-27 12:00:00+00:00,100.42,-26.169996121024155,-27.156904577191728,931.7937177877642,893.9073509502044,Loss,19.0
1000.0,Short,2022-03-27 13:00:00+00:00,99.17,0.5,2022-03-27 19:00:00+00:00,102.56,-34.16663305435122,-35.18372491680963,897.627084733413,858.7236260333948,Loss,6.0
1000.0,Long,2022-03-27 20:00:00+00:00,103.16,0.5,2022-03-28 23:00:00+00:00,109.46,61.039647150058045,60.009112058937454,958.666731883471,918.7327380923323,Win,27.0
1000.0,Long,2022-03-29 13:00:00+00:00,114.76,0.5,2022-04-01 02:00:00+00:00,121.52,58.87608922969662,57.84663645869627,1017.5428211131676,976.5793745510285,Win,61.0
1000.0,Long,2022-04-01 15:00:00+00:00,132.58,0.5,2022-04-02 23:00:00+00:00,134.19,12.137539598732701,11.131467793030483,1029.6803607119004,987.7108423440591,Win,32.0
1000.0,Short,2022-04-04 15:00:00+00:00,131.39,0.5,2022-04-08 03:00:00+00:00,121.46,75.53873963010881,74.57652789405583,1105.2191003420094,1062.2873702381148,Win,84.0
1000.0,Short,2022-04-08 12:00:00+00:00,115.25,0.5,2022-04-10 17:00:00+00:00,112.78,21.42095444685458,20.43167028199558,1126.6400547888638,1082.7190405201104,Win,53.0
1000.0,Short,2022-04-11 00:00:00+00:00,111.03,0.5,2022-04-12 11:00:00+00:00,102.89,73.27686210933985,72.31351886877424,1199.9169168982037,1155.0325593888847,Win,35.0
1000.0,Short,2022-04-12 19:00:00+00:00,101.38,0.5,2022-04-14 01:00:00+00:00,105.02,-35.88656539751423,-36.904517656342406,1164.0303515006894,1118.1280417325422,Loss,30.0
1000.0,Long,2022-04-14 02:00:00+00:00,107.05,0.5,2022-04-14 15:00:00+00:00,102.73,-40.33479682391396,-41.314619336758426,1123.6955546767754,1076.8134223957838,Loss,13.0
1000.0,Short,2022-04-14 16:00:00+00:00,101.29,0.5,2022-04-17 14:00:00+00:00,103.54,-22.202339816368863,-23.21344653963868,1101.4932148604066,1053.5999758561452,Loss,70.0
1000.0,Long,2022-04-17 15:00:00+00:00,104.46,0.5,2022-04-17 22:00:00+00:00,102.7,-16.840130193375217,-17.83170591613991,1084.6530846670314,1035.7682699400052,Loss,7.0
1000.0,Short,2022-04-18 00:00:00+00:00,100.09,0.5,2022-04-18 17:00:00+00:00,98.66,14.27999800179839,13.287141572584682,1098.9330826688297,1049.05541151259,Win,17.0
1000.0,Long,2022-04-19 01:00:00+00:00,103.71,0.5,2022-04-20 15:00:00+00:00,106.87,30.45434384340956,29.439109054093198,1129.3874265122392,1078.4945205666831,Win,38.0
1000.0,Short,2022-04-21 21:00:00+00:00,102.47,0.5,2022-04-25 17:00:00+00:00,98.51,38.62613447838385,37.64545720698734,1168.013560990623,1116.1399777736706,Win,92.0
1000.0,Long,2022-04-25 20:00:00+00:00,100.59,0.5,2022-04-26 13:00:00+00:00,100.25,-3.378367630977209,-4.376677602147305,1164.6351933596459,1111.7633001715233,Loss,17.0
1000.0,Short,2022-04-26 16:00:00+00:00,96.5,0.5,2022-04-27 10:00:00+00:00,99.69,-33.04046632124346,-34.05699481865278,1131.5947270384024,1077.7063053528705,Loss,18.0
1000.0,Long,2022-04-27 11:00:00+00:00,99.9,0.5,2022-04-29 09:00:00+00:00,97.27,-26.313163163163154,-27.29999999999999,1105.2815638752393,1050.4063053528705,Loss,46.0
1000.0,Short,2022-04-29 10:00:00+00:00,96.35,0.5,2022-05-01 05:00:00+00:00,87.84,88.27965749870248,87.32381940840668,1193.5612213739419,1137.7301247612772,Win,43.0
1000.0,Long,2022-05-02 01:00:00+00:00,90.19,0.5,2022-05-02 17:00:00+00:00,86.54,-40.44988357911063,-41.42964851979142,1153.1113377948313,1096.3004762414857,Loss,16.0
1000.0,Short,2022-05-02 18:00:00+00:00,85.65,0.5,2022-05-04 10:00:00+00:00,87.41,-20.538470519556313,-21.548744892002315,1132.572867275275,1074.7517313494834,Loss,40.0
1000.0,Long,2022-05-04 19:00:00+00:00,90.72,0.5,2022-05-05 13:00:00+00:00,92.58,20.492394179894177,19.482142857142854,1153.065261455169,1094.2338742066263,Win,18.0
1000.0,Short,2022-05-05 16:00:00+00:00,84.89,0.5,2022-05-10 12:00:00+00:00,71.52,157.419189539404,156.4979385086583,1310.484450994573,1250.7318127152846,Win,116.0
1000.0,Short,2022-05-10 22:00:00+00:00,63.65,0.5,2022-05-13 11:00:00+00:00,52.39,176.8164964650432,175.90494893951296,1487.3009474596163,1426.6367616547975,Win,61.0
1000.0,Short,2022-05-14 14:00:00+00:00,46.84,0.5,2022-05-14 22:00:00+00:00,50.99,-88.55518787361211,-89.59948761742082,1398.7457595860042,1337.0372740373766,Loss,8.0
1000.0,Long,2022-05-14 23:00:00+00:00,52.2,0.5,2022-05-16 09:00:00+00:00,54.37,41.55009578544036,40.52931034482734,1440.2958553714445,1377.566584382204,Win,34.0
1000.0,Short,2022-05-18 10:00:00+00:00,54.36,0.5,2022-05-20 10:00:00+00:00,52.8,28.683222958057513,27.697571743929476,1468.979078329502,1405.2641561261335,Win,48.0
1000.0,Long,2022-05-20 11:00:00+00:00,53.37,0.5,2022-05-20 16:00:00+00:00,49.39,-74.53644369495964,-75.49915682967952,1394.4426346345424,1329.7649992964539,Loss,5.0
1000.0,Short,2022-05-20 17:00:00+00:00,48.49,0.5,2022-05-22 14:00:00+00:00,51.51,-62.24974221488969,-63.2808826562178,1332.1928924196527,1266.4841166402362,Loss,45.0
1000.0,Long,2022-05-22 15:00:00+00:00,52.08,0.5,2022-05-23 19:00:00+00:00,52.0,-1.535330261136778,-2.534562211981632,1330.657562158516,1263.9495544282545,Loss,28.0
1000.0,Short,2022-05-23 20:00:00+00:00,50.05,0.5,2022-05-28 19:00:00+00:00,43.64,128.00789210789208,127.07192807192804,1458.665454266408,1391.0214825001826,Win,119.0
1000.0,Long,2022-05-29 11:00:00+00:00,43.38,0.5,2022-06-01 03:00:00+00:00,45.55,49.998040571691945,48.973029045643074,1508.6634948381,1439.9945115458256,Win,64.0
1000.0,Short,2022-06-01 04:00:00+00:00,44.75,0.5,2022-06-04 21:00:00+00:00,37.79,155.45296089385477,154.53072625698326,1664.1164557319548,1594.525237802809,Win,89.0
1000.0,Long,2022-06-05 07:00:00+00:00,39.0,0.5,2022-06-07 00:00:00+00:00,42.36,86.11076923076917,85.06769230769224,1750.227224962724,1679.5929301105011,Win,41.0
1000.0,Short,2022-06-07 07:00:00+00:00,39.16,0.5,2022-06-09 09:00:00+00:00,40.47,-33.435776302349495,-34.45250255362631,1716.7914486603745,1645.1404275568748,Loss,50.0
1000.0,Long,2022-06-09 10:00:00+00:00,41.21,0.5,2022-06-10 09:00:00+00:00,39.97,-30.074739140985344,-31.059694248968842,1686.716709519389,1614.080733307906,Loss,23.0
1000.0,Short,2022-06-10 10:00:00+00:00,39.0,0.5,2022-06-14 05:00:00+00:00,28.33,273.45294871794874,272.5897435897436,1960.169658237338,1886.6704768976497,Win,91.0
1000.0,Long,2022-06-14 16:00:00+00:00,31.0,0.5,2022-06-16 13:00:00+00:00,31.45,14.508870967741927,13.501612903225798,1974.67852920508,1900.1720898008755,Win,45.0
1000.0,Short,2022-06-16 23:00:00+00:00,30.24,0.5,2022-06-18 22:00:00+00:00,29.26,32.39120370370358,31.407407407407284,2007.0697329087834,1931.5794972082829,Win,47.0
1000.0,Long,2022-06-19 11:00:00+00:00,32.47,0.5,2022-06-22 03:00:00+00:00,35.29,86.80597474591923,85.76255004619641,2093.8757076547026,2017.3420472544792,Win,64.0
1000.0,Short,2022-06-22 16:00:00+00:00,34.73,0.5,2022-06-23 10:00:00+00:00,36.37,-47.197811690181425,-48.221422401382114,2046.6778959645212,1969.120624853097,Loss,18.0
1000.0,Long,2022-06-23 11:00:00+00:00,37.26,0.5,2022-06-26 22:00:00+00:00,40.81,95.22879763821811,94.18115942029004,2141.9066936027393,2063.301784273387,Win,83.0
1000.0,Short,2022-06-27 00:00:00+00:00,39.36,0.5,2022-07-01 00:00:00+00:00,33.73,142.9670985772359,142.038617886179,2284.873792179975,2205.340402159566,Win,96.0
1000.0,Short,2022-07-01 11:00:00+00:00,31.98,0.5,2022-07-02 21:00:00+00:00,33.01,-32.19152595372111,-33.207629768605415,2252.682266226254,2172.132772390961,Loss,34.0
1000.0,Long,2022-07-02 22:00:00+00:00,33.93,0.5,2022-07-05 09:00:00+00:00,34.84,26.806513409962008,25.793103448276185,2279.488779636216,2197.925875839237,Win,59.0
1000.0,Long,2022-07-05 20:00:00+00:00,35.69,0.5,2022-07-08 08:00:00+00:00,37.49,50.40907817315792,49.38386102549752,2329.897857809374,2247.3097368647345,Win,60.0
1000.0,Long,2022-07-08 19:00:00+00:00,38.86,0.5,2022-07-10 09:00:00+00:00,37.23,-41.924472465259896,-42.90349974266597,2287.973385344114,2204.4062371220684,Loss,38.0
1000.0,Short,2022-07-10 10:00:00+00:00,37.11,0.5,2022-07-13 23:00:00+00:00,34.13,80.26165454055501,79.30180544327665,2368.235039884669,2283.7080425653453,Win,85.0
1000.0,Long,2022-07-14 02:00:00+00:00,35.03,0.5,2022-07-17 17:00:00+00:00,38.97,112.41878389951466,111.36254638880955,2480.6538237841833,2395.070588954155,Win,87.0
1000.0,Long,2022-07-18 05:00:00+00:00,40.89,0.5,2022-07-20 17:00:00+00:00,43.85,72.3531425776473,71.31694790902417,2553.0069663618306,2466.3875368631793,Win,60.0
1000.0,Short,2022-07-20 21:00:00+00:00,42.18,0.5,2022-07-21 19:00:00+00:00,43.04,-20.378615457562887,-21.388809862494135,2532.628350904268,2444.998727000685,Loss,22.0
1000.0,Long,2022-07-22 10:00:00+00:00,43.9,0.5,2022-07-22 15:00:00+00:00,43.03,-19.807858769931727,-20.79794988610485,2512.820492134336,2424.20077711458,Loss,5.0
1000.0,Short,2022-07-22 16:00:00+00:00,41.67,0.5,2022-07-24 15:00:00+00:00,41.06,14.631509479241572,13.638828893688416,2527.4520016135775,2437.839606008268,Win,47.0
1000.0,Long,2022-07-24 22:00:00+00:00,41.53,0.5,2022-07-25 00:00:00+00:00,40.91,-14.921502528292876,-15.914038044786977,2512.5304990852846,2421.925567963481,Loss,2.0
1000.0,Short,2022-07-25 01:00:00+00:00,39.43,0.5,2022-07-27 05:00:00+00:00,36.02,86.43913264012167,85.48237382703519,2598.9696317254065,2507.4079417905164,Win,52.0
1000.0,Long,2022-07-27 19:00:00+00:00,38.73,0.5,2022-07-31 03:00:00+00:00,43.43,121.29227988639286,120.23160340821057,2720.2619116117994,2627.639545198727,Win,80.0
1000.0,Short,2022-07-31 20:00:00+00:00,43.73,0.5,2022-08-02 16:00:00+00:00,41.45,52.1120512234163,51.13812028355808,2772.373962835216,2678.777665482285,Win,44.0
1000.0,Short,2022-08-03 01:00:00+00:00,38.01,0.5,2022-08-05 09:00:00+00:00,40.08,-54.43212312549326,-55.45935280189421,2717.9418397097224,2623.318312680391,Loss,56.0
1000.0,Long,2022-08-05 10:00:00+00:00,40.28,0.5,2022-08-07 00:00:00+00:00,40.03,-6.203450844091321,-7.200347567030746,2711.7383888656314,2616.1179651133602,Loss,38.0
1000.0,Short,2022-08-07 01:00:00+00:00,39.37,0.5,2022-08-07 20:00:00+00:00,40.54,-29.70320040640081,-30.71805943611887,2682.0351884592305,2585.3999056772413,Loss,19.0
1000.0,Long,2022-08-07 21:00:00+00:00,41.25,0.5,2022-08-09 01:00:00+00:00,42.16,22.049575757575667,21.038545454545364,2704.0847642168064,2606.4384511317867,Win,28.0
1000.0,Short,2022-08-09 11:00:00+00:00,40.99,0.5,2022-08-10 12:00:00+00:00,40.0,24.140156135642883,23.152232251768766,2728.2249203524493,2629.5906833835556,Win,25.0
1000.0,Long,2022-08-10 13:00:00+00:00,42.11,0.5,2022-08-11 22:00:00+00:00,43.21,26.10900023747331,25.095939206839258,2754.333920589923,2654.686622590395,Win,33.0
1000.0,Long,2022-08-12 20:00:00+00:00,44.64,0.5,2022-08-14 16:00:00+00:00,46.02,30.898521505376493,29.88306451612918,2785.232442095299,2684.5696871065243,Win,44.0
1000.0,Short,2022-08-14 17:00:00+00:00,44.99,0.5,2022-08-15 02:00:00+00:00,45.7,-15.773394087574957,-16.781284729939927,2769.459048007724,2667.788402376584,Loss,9.0
1000.0,Short,2022-08-15 07:00:00+00:00,43.88,0.5,2022-08-21 21:00:00+00:00,36.32,172.20191431175942,171.2880583409299,2941.6609623194836,2839.0764607175142,Win,158.0
1000.0,Short,2022-08-22 08:00:00+00:00,34.89,0.5,2022-08-24 15:00:00+00:00,35.31,-12.031814273430768,-13.037833190025781,2929.6291480460527,2826.0386275274886,Loss,55.0
1000.0,Long,2022-08-24 16:00:00+00:00,36.03,0.5,2022-08-26 00:00:00+00:00,35.23,-22.192617263391753,-23.181515403830275,2907.436530782661,2802.857112123658,Loss,32.0
1000.0,Short,2022-08-26 01:00:00+00:00,34.79,0.5,2022-08-29 13:00:00+00:00,31.02,108.31029031330843,107.36447254958323,3015.7468210959696,2910.2215846732415,Win,84.0
1000.0,Long,2022-08-29 23:00:00+00:00,32.04,0.5,2022-08-30 14:00:00+00:00,32.32,8.734706616729113,7.73033707865171,3024.4815277126986,2917.951921751893,Win,15.0
1000.0,Short,2022-08-30 17:00:00+00:00,30.85,0.5,2022-08-31 03:00:00+00:00,32.29,-46.65413290113452,-47.677471636952994,2977.827394811564,2870.27445011494,Loss,10.0
1000.0,Long,2022-08-31 04:00:00+00:00,32.44,0.5,2022-09-01 03:00:00+00:00,31.39,-32.351263871763194,-33.335080147965414,2945.476130939801,2836.9393699669745,Loss,23.0
1000.0,Short,2022-09-01 04:00:00+00:00,31.2,0.5,2022-09-02 12:00:00+00:00,31.56,-11.532692307692287,-12.538461538461517,2933.9434386321086,2824.400908428513,Loss,32.0
1000.0,Long,2022-09-02 13:00:00+00:00,32.0,0.5,2022-09-02 17:00:00+00:00,31.78,-6.871562499999982,-7.868124999999981,2927.0718761321086,2816.532783428513,Loss,4.0
1000.0,Short,2022-09-02 18:00:00+00:00,31.17,0.5,2022-09-04 11:00:00+00:00,31.62,-14.429740134744861,-15.436958614051887,2912.6421359973638,2801.095824814461,Loss,41.0
1000.0,Long,2022-09-04 12:00:00+00:00,31.85,0.5,2022-09-05 10:00:00+00:00,31.63,-6.903924646781888,-7.900470957613914,2905.738211350582,2793.1953538568473,Loss,22.0
1000.0,Short,2022-09-05 11:00:00+00:00,31.2,0.5,2022-09-05 21:00:00+00:00,31.93,-23.38573717948725,-24.39743589743597,2882.3524741710944,2768.7979179594113,Loss,10.0
1000.0,Long,2022-09-05 22:00:00+00:00,32.09,0.5,2022-09-06 17:00:00+00:00,33.47,42.982549080710214,41.96104705515708,2925.3350232518046,2810.7589650145683,Win,19.0
1000.0,Short,2022-09-06 18:00:00+00:00,31.48,0.5,2022-09-07 20:00:00+00:00,31.94,-14.605146124523458,-15.612452350698808,2910.7298771272813,2795.1465126638695,Loss,26.0
1000.0,Long,2022-09-07 21:00:00+00:00,32.64,0.5,2022-09-12 00:00:00+00:00,34.97,71.34911151960773,70.31341911764694,2982.0789886468892,2865.4599317815164,Win,99.0
1000.0,Short,2022-09-12 01:00:00+00:00,34.39,0.5,2022-09-12 09:00:00+00:00,36.07,-48.826984588543155,-49.85141029369,2933.252004058346,2815.6085214878262,Loss,8.0
1000.0,Long,2022-09-12 10:00:00+00:00,37.42,0.5,2022-09-13 12:00:00+00:00,38.43,26.977418492784636,25.963923035809756,2960.2294225511305,2841.572444523636,Win,26.0
1000.0,Short,2022-09-13 13:00:00+00:00,35.86,0.5,2022-09-15 07:00:00+00:00,33.83,56.58073061907419,55.60903513664251,3016.8101531702046,2897.1814796602785,Win,42.0
1000.0,Short,2022-09-16 09:00:00+00:00,32.34,0.5,2022-09-17 15:00:00+00:00,33.19,-26.27009894867024,-27.283240568954717,2990.5400542215343,2869.898239091324,Loss,30.0
1000.0,Long,2022-09-17 17:00:00+00:00,33.33,0.5,2022-09-18 14:00:00+00:00,33.35,0.5997599759976993,-0.4005400540053011,2991.139814197532,2869.4976990373184,Loss,21.0
1000.0,Short,2022-09-18 17:00:00+00:00,32.55,0.5,2022-09-19 18:00:00+00:00,31.83,22.10875576036858,21.119815668202683,3013.2485699579006,2890.617514705521,Win,25.0
1000.0,Long,2022-09-19 22:00:00+00:00,32.72,0.5,2022-09-21 21:00:00+00:00,31.52,-36.656479217603874,-37.638141809290914,2976.592090740297,2852.97937289623,Loss,47.0
1000.0,Short,2022-09-21 22:00:00+00:00,30.65,0.5,2022-09-23 03:00:00+00:00,32.5,-60.32871125611746,-61.35889070146819,2916.2633794841795,2791.6204821947617,Loss,29.0
1000.0,Long,2022-09-23 04:00:00+00:00,33.0,0.5,2022-09-23 13:00:00+00:00,31.93,-32.40803030303027,-33.39181818181815,2883.855349181149,2758.2286640129437,Loss,9.0
1000.0,Short,2022-09-23 14:00:00+00:00,31.57,0.5,2022-09-23 21:00:00+00:00,32.54,-30.7100095026924,-31.725372188786793,2853.1453396784564,2726.503291824157,Loss,7.0
1000.0,Long,2022-09-23 22:00:00+00:00,33.49,0.5,2022-09-25 14:00:00+00:00,33.23,-7.759629740221158,-8.755747984473173,2845.3857099382353,2717.7475438396837,Loss,40.0
1000.0,Short,2022-09-25 17:00:00+00:00,32.87,0.5,2022-09-26 08:00:00+00:00,32.45,12.77121995740788,11.777608761788773,2858.1569298956433,2729.5251526014727,Win,15.0
1000.0,Long,2022-09-26 19:00:00+00:00,33.63,0.5,2022-09-27 16:00:00+00:00,34.36,21.69595599167394,20.685102586975756,2879.8528858873174,2750.2102551884486,Win,21.0
1000.0,Short,2022-09-27 18:00:00+00:00,32.6,0.5,2022-09-28 18:00:00+00:00,32.98,-11.650613496932351,-12.656441717791246,2868.202272390385,2737.5538134706576,Loss,24.0
1000.0,Long,2022-09-29 02:00:00+00:00,33.71,0.5,2022-09-30 20:00:00+00:00,33.71,0.0,-1.0,2868.202272390385,2736.5538134706576,Loss,42.0
1000.0,Short,2022-09-30 23:00:00+00:00,32.79,0.5,2022-10-03 16:00:00+00:00,32.82,-0.914455626715494,-1.9149130832571224,2867.2878167636695,2734.6389003874006,Loss,65.0
1000.0,Long,2022-10-04 00:00:00+00:00,32.88,0.5,2022-10-05 14:00:00+00:00,33.44,17.023114355230973,16.014598540145816,2884.3109311189005,2750.6534989275465,Win,38.0
1000.0,Long,2022-10-06 02:00:00+00:00,34.43,0.5,2022-10-06 21:00:00+00:00,33.69,-21.482137670636234,-22.47139122857989,2862.828793448264,2728.182107698967,Loss,19.0
1000.0,Short,2022-10-06 22:00:00+00:00,33.41,0.5,2022-10-09 12:00:00+00:00,32.82,17.650553726429166,16.659383418138233,2880.4793471746934,2744.841491117105,Win,62.0
1000.0,Long,2022-10-10 01:00:00+00:00,33.28,0.5,2022-10-10 08:00:00+00:00,32.88,-12.013221153846075,-13.00721153846146,2868.4661260208472,2731.8342795786434,Loss,7.0
1000.0,Short,2022-10-10 09:00:00+00:00,32.52,0.5,2022-10-13 18:00:00+00:00,30.16,72.53444034440349,71.57072570725713,2941.000566365251,2803.4050052859006,Win,81.0
1000.0,Long,2022-10-14 02:00:00+00:00,31.65,0.5,2022-10-14 18:00:00+00:00,30.57,-34.10616113744072,-35.08909952606631,2906.8944052278102,2768.3159057598345,Loss,16.0
1000.0,Short,2022-10-16 17:00:00+00:00,29.85,0.5,2022-10-16 19:00:00+00:00,29.83,0.6696817420436219,-0.3299832495811687,2907.5640869698536,2767.985922510253,Loss,2.0
1000.0,Long,2022-10-17 13:00:00+00:00,30.63,0.5,2022-10-18 14:00:00+00:00,30.54,-2.9368266405485883,-3.935357492654367,2904.627260329305,2764.0505650175987,Loss,25.0
1000.0,Short,2022-10-18 17:00:00+00:00,30.27,0.5,2022-10-23 02:00:00+00:00,27.98,75.61463495209773,74.65246118268908,2980.241895281403,2838.7030262002877,Win,105.0
1000.0,Long,2022-10-23 03:00:00+00:00,28.42,0.5,2022-10-24 16:00:00+00:00,28.43,0.35168895144249745,-0.6484869809994448,2980.5935842328454,2838.0545392192885,Loss,37.0
1000.0,Short,2022-10-24 23:00:00+00:00,28.42,0.5,2022-10-25 13:00:00+00:00,28.32,3.51688951442668,2.518648838846103,2984.110473747272,2840.5731880581347,Win,14.0
1000.0,Long,2022-10-25 14:00:00+00:00,28.9,0.5,2022-10-28 02:00:00+00:00,30.82,66.4027681660898,65.36955017301021,3050.5132419133615,2905.942738231145,Win,60.0
1000.0,Long,2022-10-28 17:00:00+00:00,31.81,0.5,2022-10-30 15:00:00+00:00,32.42,19.166771455517164,18.157183275699495,3069.6800133688785,2924.0999215068446,Win,46.0
1000.0,Long,2022-10-31 06:00:00+00:00,33.36,0.5,2022-10-31 17:00:00+00:00,32.89,-14.081684652278113,-15.07464028776972,3055.5983287166005,2909.0252812190747,Loss,11.0
1000.0,Short,2022-10-31 21:00:00+00:00,32.53,0.5,2022-11-04 03:00:00+00:00,31.23,39.943129418997955,38.9631109744852,3095.5414581355985,2947.98839219356,Win,78.0
1000.0,Long,2022-11-04 04:00:00+00:00,31.92,0.5,2022-11-06 15:00:00+00:00,35.72,118.98809523809496,117.92857142857115,3214.5295533736935,3065.916963622131,Win,59.0
1000.0,Short,2022-11-06 19:00:00+00:00,34.5,0.5,2022-11-10 15:00:00+00:00,16.591,518.8418985507246,518.1014492753624,3733.371451924418,3584.0184128974934,Win,92.0
1000.0,Short,2022-11-12 06:00:00+00:00,14.857,0.5,2022-11-14 06:00:00+00:00,12.48,159.91192703775982,158.99192299925946,3893.283378962178,3743.0103358967526,Win,48.0
1000.0,Long,2022-11-15 07:00:00+00:00,14.196,0.5,2022-11-17 12:00:00+00:00,14.21,0.9857001972387707,-0.014792899408172189,3894.269079159417,3742.9955429973443,Loss,53.0
1000.0,Short,2022-11-17 13:00:00+00:00,13.635,0.5,2022-11-20 04:00:00+00:00,12.915,52.778877887788894,51.80528052805292,3947.0479570472057,3794.8008235253974,Win,63.0
1000.0,Short,2022-11-20 12:00:00+00:00,12.536,0.5,2022-11-22 13:00:00+00:00,11.112,113.53605615826405,112.59285258455633,4060.58401320547,3907.3936761099535,Win,49.0
1000.0,Long,2022-11-23 00:00:00+00:00,12.429,0.5,2022-11-26 20:00:00+00:00,14.207,142.98101214900657,141.90948587979747,4203.565025354476,4049.303161989751,Win,92.0
1000.0,Short,2022-11-26 23:00:00+00:00,14.027,0.5,2022-11-29 04:00:00+00:00,13.463,40.18806587295933,39.208169957938296,4243.753091227436,4088.5113319476895,Win,53.0
1000.0,Long,2022-11-30 01:00:00+00:00,13.788,0.5,2022-12-02 02:00:00+00:00,13.482,-22.18211488250654,-23.171018276762414,4221.5709763449295,4065.340313670927,Loss,49.0
1000.0,Short,2022-12-02 03:00:00+00:00,13.404,0.5,2022-12-04 20:00:00+00:00,13.535,-9.76831542823038,-10.773202029245002,4211.802660916699,4054.567111641682,Loss,65.0
1000.0,Long,2022-12-04 21:00:00+00:00,13.671,0.5,2022-12-05 19:00:00+00:00,13.879,15.207080681734965,14.199473337722091,4227.009741598434,4068.766584979404,Win,22.0
1000.0,Long,2022-12-06 04:00:00+00:00,14.154,0.5,2022-12-07 07:00:00+00:00,13.862,-20.61989543591926,-21.609580330648665,4206.389846162514,4047.1570046487554,Loss,27.0
1000.0,Short,2022-12-07 08:00:00+00:00,13.615,0.5,2022-12-08 18:00:00+00:00,13.556,4.331289019463952,3.333455747337621,4210.721135181978,4050.490460396093,Win,34.0
1000.0,Long,2022-12-09 10:00:00+00:00,13.921,0.5,2022-12-09 20:00:00+00:00,13.608,-22.472774944328535,-23.461532935852134,4188.24836023765,4027.028927460241,Loss,10.0
1000.0,Short,2022-12-09 21:00:00+00:00,13.542,0.5,2022-12-11 18:00:00+00:00,13.694,-11.218726923645022,-12.224339093191618,4177.029633314005,4014.8045883670493,Loss,45.0
1000.0,Long,2022-12-11 19:00:00+00:00,13.763,0.5,2022-12-11 22:00:00+00:00,13.617,-10.602848216231791,-11.597544140085603,4166.426785097773,4003.2070442269637,Loss,3.0
1000.0,Short,2022-12-11 23:00:00+00:00,13.469,0.5,2022-12-13 11:00:00+00:00,13.141,24.34004009206319,23.352216200163273,4190.766825189836,4026.559260427127,Win,36.0
1000.0,Long,2022-12-13 12:00:00+00:00,13.343,0.5,2022-12-14 23:00:00+00:00,14.213,65.17012665817265,64.13752529416156,4255.936951848009,4090.6967857212885,Win,35.0
1000.0,Short,2022-12-16 09:00:00+00:00,13.697,0.5,2022-12-20 06:00:00+00:00,12.314,100.92053004307502,99.97101555085044,4356.857481891084,4190.667801272139,Win,93.0
1000.0,Long,2022-12-20 07:00:00+00:00,12.385,0.5,2022-12-22 14:00:00+00:00,12.015,-29.859911182882456,-30.844973758578863,4326.997570708201,4159.82282751356,Loss,55.0
1000.0,Short,2022-12-22 15:00:00+00:00,11.818,0.5,2022-12-29 23:00:00+00:00,9.147,225.8981638179048,225.0111694026061,4552.895734526106,4384.833996916166,Win,176.0
1000.0,Long,2022-12-30 21:00:00+00:00,9.816,0.5,2023-01-11 15:00:00+00:00,15.637,592.7149042379788,591.4183985330073,5145.610638764085,4976.2523954491735,Win,282.0
1000.0,Short,2023-01-11 16:00:00+00:00,15.413,0.5,2023-01-11 22:00:00+00:00,15.9,-31.580905728930247,-32.59670408097073,5114.029733035155,4943.6556913682025,Loss,6.0
1000.0,Long,2023-01-12 00:00:00+00:00,16.354,0.5,2023-01-18 08:00:00+00:00,22.989,405.5082854347561,404.3054298642535,5519.538018469912,5347.961121232456,Win,152.0
1000.0,Short,2023-01-18 09:00:00+00:00,22.345,0.5,2023-01-20 16:00:00+00:00,21.419,41.42031774446173,40.441038263593526,5560.958336214373,5388.4021594960495,Win,55.0
1000.0,Long,2023-01-20 18:00:00+00:00,22.494,0.5,2023-01-22 20:00:00+00:00,24.916,107.61932070774446,106.56548412910126,5668.577656922118,5494.967643625151,Win,50.0
1000.0,Short,2023-01-23 22:00:00+00:00,24.345,0.5,2023-01-25 12:00:00+00:00,23.128,49.96473608543829,48.989730950913746,5718.542393007556,5543.9573745760645,Win,38.0
1000.0,Long,2023-01-25 22:00:00+00:00,24.925,0.5,2023-01-30 09:00:00+00:00,25.172,9.904774322968933,8.899819458375152,5728.447167330525,5552.85719403444,Win,107.0
1000.0,Short,2023-01-30 10:00:00+00:00,24.025,0.5,2023-02-01 19:00:00+00:00,23.181,35.112507804370466,34.13007284079086,5763.559675134896,5586.9872668752305,Win,57.0
1000.0,Long,2023-02-01 23:00:00+00:00,24.952,0.5,2023-02-02 21:00:00+00:00,25.122,6.809674575184204,5.806268034626332,5770.36934971008,5592.793534909857,Win,22.0
1000.0,Short,2023-02-05 00:00:00+00:00,24.318,0.5,2023-02-07 17:00:00+00:00,22.995,54.376943005181374,53.40414507772024,5824.746292715262,5646.197679987577,Win,65.0
1000.0,Long,2023-02-08 00:00:00+00:00,23.817,0.5,2023-02-08 20:00:00+00:00,23.082,-30.844879707771724,-31.829449552840373,5793.90141300749,5614.368230434737,Loss,20.0
1000.0,Short,2023-02-08 21:00:00+00:00,22.933,0.5,2023-02-12 06:00:00+00:00,20.781,93.79165394845847,92.83857323507601,5887.693066955949,5707.206803669813,Win,81.0
1000.0,Long,2023-02-12 16:00:00+00:00,21.41,0.5,2023-02-13 01:00:00+00:00,21.452,1.9607192900514292,0.9597384399813684,5889.653786246,5708.166542109794,Win,9.0
1000.0,Short,2023-02-13 10:00:00+00:00,20.305,0.5,2023-02-14 09:00:00+00:00,20.805,-24.612164491504473,-25.624476729869407,5865.041621754495,5682.542065379925,Loss,23.0
1000.0,Long,2023-02-14 10:00:00+00:00,21.456,0.5,2023-02-16 21:00:00+00:00,23.269,84.45625932140206,83.41401006711422,5949.497881075898,5765.9560754470385,Win,59.0
1000.0,Long,2023-02-17 20:00:00+00:00,23.469,0.5,2023-02-21 16:00:00+00:00,25.066,68.01318760918662,66.97916400357921,6017.511068685084,5832.935239450618,Win,92.0
1000.0,Short,2023-02-21 17:00:00+00:00,24.813,0.5,2023-02-26 02:00:00+00:00,22.383,97.88356909684433,96.93253536452659,6115.394637781928,5929.867774815144,Win,105.0
1000.0,Long,2023-02-26 19:00:00+00:00,23.239,0.5,2023-02-27 18:00:00+00:00,22.711,-22.70906665519192,-23.697706441757607,6092.685571126736,5906.170068373386,Loss,23.0
1000.0,Short,2023-02-27 19:00:00+00:00,22.544,0.5,2023-03-01 08:00:00+00:00,22.58,-1.596078779276013,-2.5968772178849555,6091.089492347461,5903.573191155501,Loss,37.0
1000.0,Short,2023-03-02 06:00:00+00:00,21.95,0.5,2023-03-05 00:00:00+00:00,20.976,44.351389521640044,43.37357630979494,6135.440881869101,5946.946767465296,Win,66.0
1000.0,Long,2023-03-05 05:00:00+00:00,21.399,0.5,2023-03-06 04:00:00+00:00,20.909,-22.886817140988,-23.875368007850938,6112.554064728113,5923.071399457445,Loss,23.0
1000.0,Short,2023-03-06 05:00:00+00:00,20.703,0.5,2023-03-10 13:00:00+00:00,16.939,181.71849490412012,180.8093996039221,6294.272559632233,6103.880799061368,Win,104.0
1000.0,Long,2023-03-11 02:00:00+00:00,18.699,0.5,2023-03-11 07:00:00+00:00,17.96,-39.50106957591322,-40.48130916091777,6254.7714900563205,6063.39948990045,Loss,5.0
1000.0,Short,2023-03-11 08:00:00+00:00,17.054,0.5,2023-03-12 17:00:00+00:00,17.933,-51.51638911692271,-52.54216019702122,6203.255100939397,6010.857329703429,Loss,33.0
1000.0,Long,2023-03-12 18:00:00+00:00,18.56,0.5,2023-03-15 13:00:00+00:00,20.522,105.65835129310335,104.60549568965507,6308.9134522325,6115.462825393084,Win,67.0
1000.0,Short,2023-03-15 16:00:00+00:00,19.237,0.5,2023-03-17 10:00:00+00:00,20.169,-48.42407859853415,-49.448302749909104,6260.489373633966,6066.014522643175,Loss,42.0
1000.0,Long,2023-03-17 11:00:00+00:00,20.628,0.5,2023-03-21 08:00:00+00:00,21.92,62.60199728524344,61.570680628272335,6323.09137091921,6127.585203271447,Win,93.0
1000.0,Short,2023-03-21 09:00:00+00:00,21.662,0.5,2023-03-23 15:00:00+00:00,21.992,-15.226433385652399,-16.23405041085783,6307.864937533557,6111.3511528605895,Loss,54.0
1000.0,Long,2023-03-23 22:00:00+00:00,22.13,0.5,2023-03-24 15:00:00+00:00,21.434,-31.434794396746383,-32.4190691369181,6276.430143136811,6078.932083723672,Loss,17.0
1000.0,Short,2023-03-24 16:00:00+00:00,21.18,0.5,2023-03-26 13:00:00+00:00,20.883,14.015651558073614,13.022662889518374,6290.445794694885,6091.95474661319,Win,45.0
1000.0,Short,2023-03-27 08:00:00+00:00,20.436,0.5,2023-03-28 18:00:00+00:00,20.105,16.18880896457233,15.196907418281471,6306.634603659458,6107.1516540314715,Win,34.0
1000.0,Long,2023-03-28 19:00:00+00:00,20.642,0.5,2023-03-30 15:00:00+00:00,20.631,-0.5326276523591105,-1.532361205309406,6306.1019760070985,6105.619292826162,Loss,44.0
1000.0,Short,2023-03-30 17:00:00+00:00,20.368,0.5,2023-03-31 14:00:00+00:00,20.635,-13.102243715632426,-14.10879811468977,6292.999732291466,6091.510494711471,Loss,21.0
1000.0,Long,2023-03-31 17:00:00+00:00,20.972,0.5,2023-04-02 15:00:00+00:00,20.75,-10.580249856952264,-11.57495708563813,6282.419482434514,6079.935537625834,Loss,46.0
1000.0,Short,2023-04-02 16:00:00+00:00,20.571,0.5,2023-04-03 18:00:00+00:00,20.291,13.604588984492807,12.611394681833724,6296.024071419007,6092.546932307668,Win,26.0
1000.0,Long,2023-04-03 20:00:00+00:00,20.891,0.5,2023-04-05 16:00:00+00:00,20.794,-4.640826193097382,-5.638504619213892,6291.383245225909,6086.908427688454,Loss,44.0
1000.0,Short,2023-04-06 08:00:00+00:00,20.627,0.5,2023-04-10 16:00:00+00:00,20.211,20.157657439278637,19.167741309933604,6311.540902665188,6106.076168998387,Win,104.0
1000.0,Long,2023-04-10 17:00:00+00:00,20.471,0.5,2023-04-14 15:00:00+00:00,24.436,193.59178838356706,192.49494406721712,6505.132691048755,6298.571113065605,Win,94.0
1000.0,Short,2023-04-15 14:00:00+00:00,24.255,0.5,2023-04-16 18:00:00+00:00,24.355,-4.120799835085677,-5.122861265718536,6501.0118912136695,6293.448251799886,Loss,28.0
1000.0,Long,2023-04-16 19:00:00+00:00,24.661,0.5,2023-04-18 00:00:00+00:00,24.59,-2.877600259519113,-3.876160739629409,6498.134290954151,6289.572091060257,Loss,29.0
1000.0,Short,2023-04-18 01:00:00+00:00,24.374,0.5,2023-04-18 10:00:00+00:00,25.144,-31.575244112578957,-32.59103963239515,6466.559046841572,6256.9810514278615,Loss,9.0
1000.0,Long,2023-04-18 12:00:00+00:00,25.363,0.5,2023-04-19 06:00:00+00:00,24.665,-27.506643535859325,-28.492883333990463,6439.052403305713,6228.488168093871,Loss,18.0
1000.0,Short,2023-04-19 07:00:00+00:00,24.29,0.5,2023-04-23 05:00:00+00:00,21.869,99.62081103334697,98.67064635652522,6538.67321433906,6327.158814450396,Win,94.0
1000.0,Long,2023-04-23 08:00:00+00:00,22.072,0.5,2023-04-23 16:00:00+00:00,21.64,-19.562522653135147,-20.552736498731377,6519.110691685924,6306.606077951665,Loss,8.0
1000.0,Short,2023-04-23 17:00:00+00:00,21.496,0.5,2023-04-25 21:00:00+00:00,21.478,0.8369464086339349,-0.16263490882047538,6519.947638094558,6306.443443042845,Loss,52.0
1000.0,Long,2023-04-25 22:00:00+00:00,21.749,0.5,2023-04-26 19:00:00+00:00,22.68,42.78516253620842,41.76375925329886,6562.732800630766,6348.207202296144,Win,21.0
1000.0,Short,2023-04-26 23:00:00+00:00,21.19,0.5,2023-04-27 20:00:00+00:00,22.317,-53.1588721094854,-54.18546484190635,6509.57392852128,6294.021737454237,Loss,21.0
1000.0,Long,2023-04-27 21:00:00+00:00,22.385,0.5,2023-04-30 20:00:00+00:00,23.173,35.18454322090656,34.166942148760036,6544.758471742187,6328.188679602998,Win,71.0
1000.0,Short,2023-05-01 00:00:00+00:00,22.728,0.5,2023-05-03 21:00:00+00:00,21.638,47.93448609644486,46.95846532910941,6592.692957838632,6375.147144932107,Win,69.0
1000.0,Long,2023-05-04 02:00:00+00:00,22.342,0.5,2023-05-04 18:00:00+00:00,21.739,-26.976031689195224,-27.962536925969015,6565.716926149436,6347.184608006138,Loss,16.0
1000.0,Short,2023-05-04 23:00:00+00:00,21.657,0.5,2023-05-05 14:00:00+00:00,22.11,-20.90656600637203,-21.917024518631347,6544.810360143065,6325.267583487506,Loss,15.0
1000.0,Long,2023-05-05 15:00:00+00:00,22.345,0.5,2023-05-06 12:00:00+00:00,22.653,13.776952338330716,12.770060416200485,6558.587312481395,6338.037643903706,Win,21.0
1000.0,Short,2023-05-06 15:00:00+00:00,21.677,0.5,2023-05-07 15:00:00+00:00,22.362,-31.584513539696445,-32.60031369654472,6527.0027989416985,6305.437330207162,Loss,24.0
1000.0,Long,2023-05-07 16:00:00+00:00,22.446,0.5,2023-05-07 23:00:00+00:00,22.146,-13.358727612937855,-14.352044907778806,6513.644071328761,6291.085285299383,Loss,7.0
1000.0,Short,2023-05-08 00:00:00+00:00,21.659,0.5,2023-05-10 12:00:00+00:00,20.732,42.77836003508935,41.79975991504687,6556.422431363851,6332.88504521443,Win,60.0
1000.0,Short,2023-05-11 09:00:00+00:00,20.521,0.5,2023-05-12 21:00:00+00:00,20.55,-1.412479898640413,-2.413186491886356,6555.00995146521,6330.471858722543,Loss,36.0
1000.0,Long,2023-05-12 22:00:00+00:00,20.712,0.5,2023-05-15 00:00:00+00:00,20.915,9.796180957898855,8.791280417149531,6564.806132423109,6339.263139139693,Win,50.0
1000.0,Long,2023-05-15 04:00:00+00:00,21.218,0.5,2023-05-16 01:00:00+00:00,20.979,-11.258389103591412,-12.252757093034338,6553.547743319518,6327.010382046658,Loss,21.0
1000.0,Short,2023-05-16 02:00:00+00:00,20.804,0.5,2023-05-17 01:00:00+00:00,20.763,1.9697894635645525,0.9707748509900476,6555.517532783083,6327.981156897648,Win,23.0
1000.0,Long,2023-05-17 20:00:00+00:00,21.024,0.5,2023-05-18 15:00:00+00:00,20.588,-20.727834855403444,-21.717465753424754,6534.789697927679,6306.263691144223,Loss,19.0
1000.0,Short,2023-05-18 16:00:00+00:00,20.512,0.5,2023-05-23 03:00:00+00:00,19.876,30.990737129485183,30.006240249609988,6565.780435057164,6336.269931393833,Win,107.0
1000.0,Long,2023-05-23 04:00:00+00:00,20.038,0.5,2023-05-24 03:00:00+00:00,19.896,-7.082992314602166,-8.07944904681097,6558.697442742562,6328.190482347022,Loss,23.0
1000.0,Short,2023-05-24 04:00:00+00:00,19.546,0.5,2023-05-27 06:00:00+00:00,19.493,2.710196459633721,1.7115522357515969,6561.407639202196,6329.902034582774,Win,74.0
1000.0,Long,2023-05-27 07:00:00+00:00,19.6,0.5,2023-05-29 16:00:00+00:00,20.481,44.926505102040664,43.904030612244746,6606.334144304237,6373.806065195019,Win,57.0
1000.0,Long,2023-05-30 03:00:00+00:00,20.981,0.5,2023-05-31 05:00:00+00:00,20.737,-11.62375482579489,-12.61794004098959,6594.710389478442,6361.18812515403,Loss,26.0
1000.0,Short,2023-05-31 06:00:00+00:00,20.565,0.5,2023-06-02 05:00:00+00:00,20.929,-17.69112569900301,-18.699975686846432,6577.019263779439,6342.488149467184,Loss,47.0
1000.0,Long,2023-06-02 06:00:00+00:00,21.058,0.5,2023-06-05 02:00:00+00:00,21.879,38.96806439357965,37.94857061449332,6615.987328173019,6380.436720081677,Win,68.0
1000.0,Short,2023-06-05 14:00:00+00:00,21.454,0.5,2023-06-06 19:00:00+00:00,20.24,56.55789130232131,55.58618439451857,6672.54521947534,6436.022904476195,Win,29.0
1000.0,Short,2023-06-07 15:00:00+00:00,19.39,0.5,2023-06-09 11:00:00+00:00,19.089,15.515703971119251,14.523465703971237,6688.060923446459,6450.546370180166,Win,44.0
1000.0,Short,2023-06-09 17:00:00+00:00,18.508,0.5,2023-06-16 17:00:00+00:00,14.983,190.3629511562567,189.4581802463799,6878.423874602716,6640.004550426546,Win,168.0
1000.0,Long,2023-06-16 18:00:00+00:00,15.236,0.5,2023-06-18 22:00:00+00:00,15.421,12.136223418219856,11.130152270937105,6890.560098020936,6651.134702697484,Win,52.0
1000.0,Long,2023-06-19 20:00:00+00:00,15.849,0.5,2023-06-22 14:00:00+00:00,17.018,73.72171745851483,72.68483816013638,6964.28181547945,6723.81954085762,Win,66.0
1000.0,Short,2023-06-23 01:00:00+00:00,16.636,0.5,2023-06-23 15:00:00+00:00,16.469,10.033451550853442,9.038470786246565,6974.315267030304,6732.858011643867,Win,14.0
1000.0,Long,2023-06-23 18:00:00+00:00,17.091,0.5,2023-06-24 15:00:00+00:00,17.16,4.035193961734194,3.033175355450185,6978.350460992038,6735.891186999317,Win,21.0
1000.0,Short,2023-06-24 17:00:00+00:00,16.647,0.5,2023-06-25 07:00:00+00:00,17.071,-25.457319637172077,-26.470054664504328,6952.893141354866,6709.421132334813,Loss,14.0
1000.0,Long,2023-06-25 08:00:00+00:00,17.262,0.5,2023-06-26 16:00:00+00:00,16.812,-26.055787278414982,-27.042752867570353,6926.837354076451,6682.378379467243,Loss,32.0
1000.0,Short,2023-06-26 17:00:00+00:00,16.339,0.5,2023-06-27 21:00:00+00:00,16.702,-22.20567354183254,-23.216781932798938,6904.631680534619,6659.161597534444,Loss,28.0
1000.0,Long,2023-06-27 22:00:00+00:00,16.906,0.5,2023-06-28 06:00:00+00:00,16.221,-40.49790015379142,-41.47764107417471,6864.133780380827,6617.683956460269,Loss,8.0
1000.0,Short,2023-06-28 07:00:00+00:00,16.174,0.5,2023-06-29 09:00:00+00:00,16.381,-12.791919129467146,-13.798318288611451,6851.341861251361,6603.885638171657,Loss,26.0
1000.0,Long,2023-06-29 10:00:00+00:00,17.205,0.5,2023-07-04 23:00:00+00:00,19.457,130.82673641383326,129.76129032258072,6982.168597665193,6733.646928494238,Win,133.0
1000.0,Short,2023-07-05 09:00:00+00:00,19.176,0.5,2023-07-06 01:00:00+00:00,19.292,-6.046203587818354,-7.0492282019193135,6976.122394077375,6726.597700292318,Loss,16.0
1000.0,Long,2023-07-06 02:00:00+00:00,19.668,0.5,2023-07-10 00:00:00+00:00,21.315,83.69821537522898,82.65634533252002,7059.820609452604,6809.254045624838,Win,94.0
1000.0,Short,2023-07-10 08:00:00+00:00,20.724,0.5,2023-07-10 19:00:00+00:00,21.347,-30.046733256128164,-31.061764138197262,7029.773876196476,6778.192281486641,Loss,11.0
1000.0,Long,2023-07-11 02:00:00+00:00,21.682,0.5,2023-07-13 02:00:00+00:00,21.785,4.748109030532419,3.7457337883960844,7034.521985227008,6781.938015275037,Win,48.0
1000.0,Long,2023-07-13 12:00:00+00:00,22.407,0.5,2023-07-17 15:00:00+00:00,27.236,215.40525282277872,214.297496318115,7249.927238049787,6996.235511593152,Win,99.0
1000.0,Short,2023-07-17 16:00:00+00:00,27.009,0.5,2023-07-19 17:00:00+00:00,26.251,28.050686808100863,27.064719167684707,7277.977924857888,7023.300230760837,Win,49.0
1000.0,Long,2023-07-19 19:00:00+00:00,26.849,0.5,2023-07-20 14:00:00+00:00,27.006,5.844593839621666,4.841670080822456,7283.82251869751,7028.141900841659,Win,19.0
1000.0,Short,2023-07-20 16:00:00+00:00,25.673,0.5,2023-07-26 11:00:00+00:00,23.669,78.01963151949508,77.05866084992005,7361.842150217005,7105.2005616915785,Win,139.0
1000.0,Long,2023-07-26 13:00:00+00:00,24.389,0.5,2023-07-30 19:00:00+00:00,24.881,20.162942310057815,19.15285579564558,7382.0050925270625,7124.353417487224,Win,102.0
1000.0,Short,2023-07-30 20:00:00+00:00,24.239,0.5,2023-08-01 23:00:00+00:00,23.648,24.370002887907958,23.382193984900407,7406.375095414971,7147.735611472124,Win,51.0
1000.0,Short,2023-08-02 15:00:00+00:00,23.208,0.5,2023-08-04 13:00:00+00:00,23.123,3.66069889693199,2.6625301620129966,7410.035794311903,7150.398141634138,Win,46.0
1000.0,Long,2023-08-04 14:00:00+00:00,23.352,0.5,2023-08-05 00:00:00+00:00,22.791,-24.011626413155113,-24.999614594038977,7386.024167898749,7125.398527040099,Loss,10.0
1000.0,Short,2023-08-05 01:00:00+00:00,22.654,0.5,2023-08-06 08:00:00+00:00,23.006,-15.530325770283525,-16.53809481769237,7370.493842128465,7108.860432222406,Loss,31.0
1000.0,Long,2023-08-06 09:00:00+00:00,23.255,0.5,2023-08-07 16:00:00+00:00,22.754,-21.53298215437519,-22.522210277359495,7348.9608599740895,7086.338221945047,Loss,31.0
1000.0,Short,2023-08-07 17:00:00+00:00,22.627,0.5,2023-08-08 05:00:00+00:00,23.208,-25.66444955142083,-26.67728819551859,7323.2964104226685,7059.660933749528,Loss,12.0
1000.0,Long,2023-08-08 11:00:00+00:00,23.333,0.5,2023-08-13 16:00:00+00:00,24.58,53.41689881284037,52.390177002528795,7376.713309235509,7112.051110752057,Win,125.0
1000.0,Short,2023-08-13 17:00:00+00:00,24.486,0.5,2023-08-14 15:00:00+00:00,24.624,-5.633055623621544,-6.635873560401745,7371.080253611887,7105.415237191655,Loss,22.0
1000.0,Long,2023-08-14 17:00:00+00:00,25.162,0.5,2023-08-15 19:00:00+00:00,24.623,-21.41048008902294,-22.399769493680758,7349.6697735228645,7083.015467697975,Loss,26.0
1000.0,Short,2023-08-15 20:00:00+00:00,24.036,0.5,2023-08-23 08:00:00+00:00,20.741,137.01749459144628,136.0860376102514,7486.68726811431,7219.101505308226,Win,180.0
1000.0,Long,2023-08-23 17:00:00+00:00,21.22,0.5,2023-08-24 15:00:00+00:00,21.231,0.518119698397868,-0.4821394910460529,7487.205387812708,7218.61936581718,Loss,22.0
1000.0,Short,2023-08-25 05:00:00+00:00,20.486,0.5,2023-08-27 10:00:00+00:00,20.53,-2.1467343551694285,-3.147808259299078,7485.058653457539,7215.47155755788,Loss,53.0
1000.0,Long,2023-08-27 20:00:00+00:00,20.764,0.5,2023-08-28 05:00:00+00:00,20.472,-14.055769601232782,-15.048738200731915,7471.002883856306,7200.422819357148,Loss,9.0
1000.0,Short,2023-08-28 09:00:00+00:00,20.255,0.5,2023-08-29 14:00:00+00:00,20.285,-1.480375215996105,-2.4811157738830465,7469.52250864031,7197.941703583265,Loss,29.0
1000.0,Long,2023-08-29 15:00:00+00:00,21.742,0.5,2023-08-30 14:00:00+00:00,21.398,-15.814000551927279,-16.80608959617344,7453.708508088383,7181.135613987091,Loss,23.0
1000.0,Short,2023-08-30 15:00:00+00:00,20.902,0.5,2023-09-04 02:00:00+00:00,19.66,59.39044110611428,58.42015118170514,7513.0989491944965,7239.555765168797,Win,107.0
1000.0,Long,2023-09-04 03:00:00+00:00,19.797,0.5,2023-09-04 21:00:00+00:00,19.426,-18.730843057028892,-19.721472950447087,7494.368106137467,7219.83429221835,Loss,18.0
1000.0,Short,2023-09-04 22:00:00+00:00,19.229,0.5,2023-09-05 13:00:00+00:00,19.676,-23.234515575432965,-24.246138644755344,7471.133590562034,7195.588153573594,Loss,15.0
1000.0,Long,2023-09-05 14:00:00+00:00,19.93,0.5,2023-09-06 14:00:00+00:00,19.585,-17.301931761163928,-18.29327646763658,7453.83165880087,7177.294877105958,Loss,24.0
1000.0,Short,2023-09-06 15:00:00+00:00,19.424,0.5,2023-09-07 22:00:00+00:00,19.795,-19.090532331136842,-20.100082372323005,7434.741126469733,7157.194794733635,Loss,31.0
1000.0,Long,2023-09-07 23:00:00+00:00,19.921,0.5,2023-09-08 18:00:00+00:00,19.497,-21.273430048692376,-22.26278801265001,7413.46769642104,7134.932006720985,Loss,19.0
1000.0,Short,2023-09-08 19:00:00+00:00,19.456,0.5,2023-09-12 10:00:00+00:00,18.234,62.776983963815724,61.80838815789467,7476.244680384856,7196.74039487888,Win,87.0
1000.0,Long,2023-09-13 09:00:00+00:00,18.181,0.5,2023-09-15 18:00:00+00:00,18.64,25.23351300808531,24.22088994004725,7501.478193392942,7220.961284818927,Win,57.0
1000.0,Long,2023-09-16 03:00:00+00:00,19.199,0.5,2023-09-18 00:00:00+00:00,18.799,-20.82400125006518,-21.813584040835533,7480.654192142876,7199.147700778091,Loss,45.0
1000.0,Short,2023-09-18 01:00:00+00:00,18.652,0.5,2023-09-18 02:00:00+00:00,18.696,-2.3578168561011807,-3.35899635427832,7478.2963752867745,7195.788704423813,Loss,1.0
1000.0,Long,2023-09-18 03:00:00+00:00,19.095,0.5,2023-09-21 09:00:00+00:00,19.858,39.93812516365551,38.918146111547635,7518.23450045043,7234.706850535361,Win,78.0
1000.0,Short,2023-09-21 10:00:00+00:00,19.628,0.5,2023-09-27 11:00:00+00:00,19.192,22.202058284084046,21.213164866517303,7540.436558734514,7255.920015401878,Win,145.0
1000.0,Short,2023-09-27 15:00:00+00:00,18.846,0.5,2023-09-28 14:00:00+00:00,19.242,-21.001910219675324,-22.012416427889267,7519.434648514838,7233.907598973989,Loss,23.0
1000.0,Long,2023-09-28 15:00:00+00:00,19.443,0.5,2023-10-04 00:00:00+00:00,23.595,213.44051843851253,212.33374479247024,7732.87516695335,7446.241343766459,Win,129.0
1000.0,Short,2023-10-04 14:00:00+00:00,23.066,0.5,2023-10-06 17:00:00+00:00,23.39,-14.039625422700055,-15.046648747073592,7718.8355415306505,7431.194695019385,Loss,51.0
1000.0,Long,2023-10-06 18:00:00+00:00,23.649,0.5,2023-10-09 07:00:00+00:00,23.201,-18.934246691192016,-19.924774831916782,7699.901294839458,7411.269920187468,Loss,61.0
1000.0,Short,2023-10-09 08:00:00+00:00,22.973,0.5,2023-10-13 20:00:00+00:00,21.562,61.38921777739074,60.41992774126137,7761.290512616849,7471.68984792873,Win,108.0
1000.0,Long,2023-10-13 21:00:00+00:00,21.944,0.5,2023-10-19 01:00:00+00:00,23.514,71.50997994896102,70.47420707254832,7832.80049256581,7542.164055001278,Win,124.0
1000.0,Short,2023-10-19 02:00:00+00:00,23.322,0.5,2023-10-19 11:00:00+00:00,23.868,-23.399665551839348,-24.411371237458077,7809.40082701397,7517.75268376382,Loss,9.0
1000.0,Long,2023-10-19 12:00:00+00:00,24.259,0.5,2023-10-23 13:00:00+00:00,29.59,219.6436168020116,218.5337400552372,8029.044443815982,7736.286423819057,Win,97.0
1000.0,Long,2023-10-23 23:00:00+00:00,32.437,0.5,2023-10-26 16:00:00+00:00,31.297,-35.1274778801984,-36.109905354995696,7993.916965935784,7700.176518464061,Loss,65.0
1000.0,Short,2023-10-26 17:00:00+00:00,30.818,0.5,2023-10-29 15:00:00+00:00,32.408,-51.56742812641937,-52.59322473878877,7942.349537809365,7647.583293725272,Loss,70.0
1000.0,Long,2023-10-29 16:00:00+00:00,32.616,0.5,2023-11-02 15:00:00+00:00,42.245,295.07559173411823,293.92798013245033,8237.425129543482,7941.511273857722,Win,95.0
1000.0,Short,2023-11-02 19:00:00+00:00,39.782,0.5,2023-11-04 07:00:00+00:00,41.136,-34.01847569252436,-35.035493439243986,8203.406653850958,7906.475780418477,Loss,36.0
1000.0,Long,2023-11-04 23:00:00+00:00,42.428,0.5,2023-11-05 21:00:00+00:00,40.933,-35.218546714433955,-36.20092863203554,8168.188107136524,7870.274851786442,Loss,22.0
1000.0,Short,2023-11-06 05:00:00+00:00,40.255,0.5,2023-11-06 23:00:00+00:00,41.302,-25.996186809092023,-27.00919140479442,8142.191920327432,7843.265660381648,Loss,18.0
1000.0,Long,2023-11-07 00:00:00+00:00,42.18,0.5,2023-11-09 18:00:00+00:00,45.467,77.88896396396422,76.85000000000025,8220.080884291396,7920.115660381648,Win,66.0
1000.0,Long,2023-11-10 07:00:00+00:00,48.86,0.5,2023-11-13 17:00:00+00:00,55.592,137.71252558329934,136.64363487515362,8357.793409874695,8056.759295256802,Win,82.0
1000.0,Short,2023-11-13 18:00:00+00:00,53.691,0.5,2023-11-14 14:00:00+00:00,55.756,-38.44159170065768,-39.46082211171354,8319.351818174038,8017.298473145089,Loss,20.0
1000.0,Long,2023-11-14 23:00:00+00:00,57.223,0.5,2023-11-16 15:00:00+00:00,62.667,95.0890026737502,94.04143438827059,8414.440820847789,8111.339907533359,Win,40.0
1000.0,Short,2023-11-16 22:00:00+00:00,58.594,0.5,2023-11-19 06:00:00+00:00,58.393,3.428670171007184,2.4303853636890285,8417.869491018797,8113.770292897048,Win,56.0
1000.0,Long,2023-11-19 10:00:00+00:00,61.252,0.5,2023-11-20 16:00:00+00:00,59.001,-36.731445503820396,-37.71307059361338,8381.138045514977,8076.057222303435,Loss,30.0
1000.0,Short,2023-11-20 17:00:00+00:00,57.708,0.5,2023-11-22 19:00:00+00:00,56.372,23.139460733347278,22.151036251473013,8404.277506248325,8098.208258554908,Win,50.0
1000.0,Long,2023-11-22 20:00:00+00:00,57.313,0.5,2023-11-26 14:00:00+00:00,57.819,8.824298152251686,7.819883795997432,8413.101804400576,8106.028142350905,Win,90.0
1000.0,Short,2023-11-26 15:00:00+00:00,57.016,0.5,2023-11-28 16:00:00+00:00,56.068,16.61859828819979,15.626911744071828,8429.720402688776,8121.655054094977,Win,49.0
1000.0,Long,2023-11-28 17:00:00+00:00,57.26,0.5,2023-12-03 18:00:00+00:00,62.589,93.0201798812434,91.97364652462446,8522.740582570019,8213.628700619602,Win,121.0
1000.0,Long,2023-12-04 05:00:00+00:00,64.934,0.5,2023-12-04 11:00:00+00:00,62.945,-30.615786798903514,-31.600471247728475,8492.124795771115,8182.028229371873,Loss,6.0
1000.0,Short,2023-12-04 12:00:00+00:00,62.118,0.5,2023-12-06 00:00:00+00:00,61.058,17.055764834669503,16.064296983161082,8509.180560605784,8198.092526355034,Win,36.0
1000.0,Long,2023-12-06 01:00:00+00:00,63.23,0.5,2023-12-09 23:00:00+00:00,73.934,169.20208761663775,168.11744425114668,8678.382648222421,8366.209970606182,Win,94.0
1000.0,Short,2023-12-11 03:00:00+00:00,70.31,0.5,2023-12-13 19:00:00+00:00,67.985,33.05130849096861,32.0678424121747,8711.43395671339,8398.277813018356,Win,64.0
1000.0,Long,2023-12-13 20:00:00+00:00,70.334,0.5,2023-12-15 16:00:00+00:00,76.097,81.8966431597803,80.85567435379741,8793.33059987317,8479.133487372153,Win,44.0
1000.0,Short,2023-12-17 02:00:00+00:00,73.27,0.5,2023-12-18 18:00:00+00:00,71.362,26.027651153268835,25.04067148901334,8819.358251026439,8504.174158861168,Win,40.0
1000.0,Long,2023-12-18 22:00:00+00:00,74.929,0.5,2023-12-19 17:00:00+00:00,73.5,-19.061851886452587,-20.052316192662467,8800.296399139987,8484.121842668505,Loss,19.0
1000.0,Long,2023-12-20 09:00:00+00:00,76.459,0.5,2023-12-26 06:00:00+00:00,114.921,502.7893249977112,501.537804575001,9303.085724137698,8985.659647243505,Win,141.0
1000.0,Short,2023-12-26 18:00:00+00:00,106.643,0.5,2023-12-29 06:00:00+00:00,106.412,2.165022551878792,1.1661056046811327,9305.250746689577,8986.825752848186,Win,60.0
1000.0,Long,2023-12-29 15:00:00+00:00,109.312,0.5,2023-12-30 08:00:00+00:00,103.553,-52.65771827429728,-53.63137624414506,9252.59302841528,8933.19437660404,Loss,17.0
1000.0,Short,2023-12-30 09:00:00+00:00,101.452,0.5,2023-12-31 20:00:00+00:00,103.892,-24.03875724480531,-25.050782636123373,9228.554271170475,8908.143593967918,Loss,35.0
1000.0,Long,2023-12-31 21:00:00+00:00,104.909,0.5,2024-01-02 14:00:00+00:00,113.565,82.46834875940112,81.42709395762053,9311.022619929876,8989.570687925538,Win,41.0
1000.0,Short,2024-01-03 11:00:00+00:00,107.344,0.5,2024-01-04 19:00:00+00:00,103.65,34.39552280518694,33.41272916977183,9345.418142735063,9022.983417095309,Win,32.0
1000.0,Long,2024-01-04 20:00:00+00:00,105.174,0.5,2024-01-05 14:00:00+00:00,100.719,-42.33719835700845,-43.316019168235556,9303.080944378054,8979.667397927073,Loss,18.0
1000.0,Short,2024-01-05 15:00:00+00:00,97.47,0.5,2024-01-08 12:00:00+00:00,92.19,54.14342874730687,53.17051400430903,9357.224373125362,9032.837911931381,Win,69.0
1000.0,Long,2024-01-08 18:00:00+00:00,96.578,0.5,2024-01-10 12:00:00+00:00,97.351,7.999891279587359,6.995889332974259,9365.22426440495,9039.833801264356,Win,42.0
1000.0,Short,2024-01-10 13:00:00+00:00,93.598,0.5,2024-01-10 21:00:00+00:00,96.514,-31.138934592619535,-32.154511848543805,9334.08532981233,9007.679289415812,Loss,8.0
1000.0,Long,2024-01-10 23:00:00+00:00,103.307,0.5,2024-01-12 03:00:00+00:00,99.245,-39.30003775155603,-40.28037790275585,9294.785292060773,8967.398911513055,Loss,28.0
1000.0,Short,2024-01-12 04:00:00+00:00,97.754,0.5,2024-01-13 20:00:00+00:00,94.776,30.44899441455084,29.464226527814745,9325.234286475325,8996.86313804087,Win,40.0
1000.0,Long,2024-01-14 04:00:00+00:00,96.985,0.5,2024-01-14 23:00:00+00:00,96.7,-2.937129453008197,-3.935660153632005,9322.297157022316,8992.927477887237,Loss,19.0
1000.0,Short,2024-01-15 23:00:00+00:00,94.237,0.5,2024-01-16 21:00:00+00:00,97.165,-31.055063297855668,-32.070598597154245,9291.24209372446,8960.856879290082,Loss,22.0
1000.0,Long,2024-01-16 22:00:00+00:00,98.392,0.5,2024-01-18 16:00:00+00:00,98.27,-1.23931823725502,-2.238698268151841,9290.002775487206,8958.618181021931,Loss,42.0
1000.0,Short,2024-01-18 17:00:00+00:00,95.72,0.5,2024-01-24 00:00:00+00:00,84.325,118.9856090681152,118.04513163393216,9408.988384555321,9076.663312655863,Win,127.0
1000.0,Long,2024-01-24 10:00:00+00:00,86.722,0.5,2024-01-28 19:00:00+00:00,95.261,98.41482553446644,97.36559350568481,9507.403210089788,9174.028906161548,Win,105.0
1000.0,Long,2024-01-29 16:00:00+00:00,99.87,0.5,2024-01-31 00:00:00+00:00,101.372,15.032031641133358,14.024511865424937,9522.43524173092,9188.053418026973,Win,32.0
1000.0,Short,2024-01-31 11:00:00+00:00,97.6,0.5,2024-02-02 06:00:00+00:00,99.234,-16.733432377049212,-17.741803278688558,9505.701809353872,9170.311614748285,Loss,43.0
1000.0,Long,2024-02-02 07:00:00+00:00,100.14,0.5,2024-02-03 13:00:00+00:00,98.669,-14.682090073896575,-15.674745356500928,9491.019719279975,9154.636869391785,Loss,30.0
1000.0,Short,2024-02-03 15:00:00+00:00,97.639,0.5,2024-02-05 10:00:00+00:00,97.24,4.0844385952334505,3.0864818361515263,9495.104157875208,9157.723351227936,Win,43.0
1000.0,Short,2024-02-05 22:00:00+00:00,94.886,0.5,2024-02-06 19:00:00+00:00,96.348,-15.400259258478627,-16.407963240098677,9479.70389861673,9141.315387987837,Loss,21.0
1000.0,Long,2024-02-06 20:00:00+00:00,97.546,0.5,2024-02-12 02:00:00+00:00,108.019,107.31104812088643,106.25736575564336,9587.014946737616,9247.572753743481,Win,126.0
1000.0,Short,2024-02-12 03:00:00+00:00,105.833,0.5,2024-02-12 15:00:00+00:00,106.645,-7.668628877571223,-8.672465110126286,9579.346317860045,9238.900288633355,Loss,12.0
1000.0,Long,2024-02-12 18:00:00+00:00,109.778,0.5,2024-02-13 14:00:00+00:00,112.194,21.99704858897053,20.98604456266289,9601.343366449015,9259.886333196018,Win,20.0
1000.0,Long,2024-02-14 10:00:00+00:00,116.09,0.5,2024-02-15 17:00:00+00:00,114.225,-16.057089327246103,-17.04905676630201,9585.28627712177,9242.837276429716,Loss,31.0
1000.0,Short,2024-02-15 21:00:00+00:00,113.192,0.5,2024-02-18 09:00:00+00:00,109.401,33.475020319457144,32.49176620255842,9618.761297441226,9275.329042632275,Win,60.0
1000.0,Long,2024-02-18 15:00:00+00:00,112.199,0.5,2024-02-20 01:00:00+00:00,110.847,-12.043993261972105,-13.037968252836551,9606.717304179254,9262.291074379438,Loss,34.0
1000.0,Short,2024-02-20 02:00:00+00:00,109.862,0.5,2024-02-22 09:00:00+00:00,105.808,36.88238881505879,35.90083923467613,9643.599692994312,9298.191913614115,Win,55.0
1000.0,Short,2024-02-23 00:00:00+00:00,101.804,0.5,2024-02-24 17:00:00+00:00,102.627,-8.080119641664282,-9.084161722525545,9635.519573352647,9289.10775189159,Loss,41.0
1000.0,Long,2024-02-24 18:00:00+00:00,103.55,0.5,2024-02-26 09:00:00+00:00,103.684,1.2934138097538153,0.2927667793337283,9636.8129871624,9289.400518670924,Win,39.0
1000.0,Short,2024-02-26 10:00:00+00:00,101.546,0.5,2024-02-26 15:00:00+00:00,103.612,-20.33528647115577,-21.345459200756146,9616.477700691245,9268.055059470167,Loss,5.0
1000.0,Long,2024-02-26 16:00:00+00:00,105.084,0.5,2024-02-27 15:00:00+00:00,109.303,40.12875889764382,39.10868448098667,9656.60645958889,9307.163743951154,Win,23.0
1000.0,Long,2024-02-28 10:00:00+00:00,112.125,0.5,2024-03-05 19:00:00+00:00,131.279,170.74178818283167,169.65637458193982,9827.34824777172,9476.820118533095,Win,153.0
1000.0,Short,2024-03-05 20:00:00+00:00,119.4,0.5,2024-03-07 01:00:00+00:00,134.779,-128.7379438860969,-129.8023450586262,9698.610303885624,9347.017773474468,Loss,29.0
1000.0,Long,2024-03-07 02:00:00+00:00,137.528,0.5,2024-03-10 15:00:00+00:00,144.081,47.62465461578745,46.600830376359845,9746.23495850141,9393.618603850828,Win,85.0
1000.0,Short,2024-03-10 16:00:00+00:00,143.024,0.5,2024-03-11 07:00:00+00:00,143.67,-4.514466103590848,-5.51672446582376,9741.72049239782,9388.101879385003,Loss,15.0
1000.0,Long,2024-03-11 08:00:00+00:00,148.26,0.5,2024-03-14 19:00:00+00:00,165.277,114.72070349386217,113.66331444759211,9856.441195891683,9501.765193832596,Win,83.0
1000.0,Long,2024-03-15 00:00:00+00:00,176.852,0.5,2024-03-15 08:00:00+00:00,176.256,-3.368364508176228,-4.366679483409756,9853.072831383506,9497.398514349186,Loss,8.0
1000.0,Long,2024-03-16 06:00:00+00:00,192.408,0.5,2024-03-16 19:00:00+00:00,183.263,-47.50544416032585,-48.481679555943494,9805.56738722318,9448.916834793243,Loss,13.0
1000.0,Long,2024-03-17 23:00:00+00:00,201.318,0.5,2024-03-19 00:00:00+00:00,196.143,-25.692747295323898,-26.679894495276212,9779.874639927857,9422.236940297966,Loss,25.0
1000.0,Short,2024-03-19 02:00:00+00:00,188.13,0.5,2024-03-20 18:00:00+00:00,172.221,84.52158347950876,83.56386541221487,9864.396223407366,9505.80080571018,Win,40.0
1000.0,Long,2024-03-20 23:00:00+00:00,190.069,0.5,2024-03-21 19:00:00+00:00,178.66,-59.99555687671307,-60.96554409188229,9804.400666530653,9444.835261618296,Loss,20.0
1000.0,Short,2024-03-21 23:00:00+00:00,178.414,0.5,2024-03-24 20:00:00+00:00,176.224,12.268684071877715,11.274821482619025,9816.669350602531,9456.110083100915,Win,69.0
1000.0,Long,2024-03-24 21:00:00+00:00,179.075,0.5,2024-03-26 16:00:00+00:00,190.495,63.74027642049441,62.708390339243536,9880.409627023026,9518.818473440158,Win,43.0
1000.0,Short,2024-03-27 16:00:00+00:00,181.235,0.5,2024-03-28 22:00:00+00:00,187.399,-33.994085027726214,-35.01109057301272,9846.415541995299,9483.807382867146,Loss,30.0
1000.0,Long,2024-03-28 23:00:00+00:00,190.196,0.5,2024-04-01 05:00:00+00:00,201.348,58.60493385770474,57.57561673221314,9905.020475853004,9541.382999599358,Win,78.0
1000.0,Short,2024-04-01 15:00:00+00:00,191.479,0.5,2024-04-03 03:00:00+00:00,185.831,29.4819588571072,28.496707210712557,9934.50243471011,9569.87970681007,Win,36.0
1000.0,Long,2024-04-03 15:00:00+00:00,190.541,0.5,2024-04-05 02:00:00+00:00,182.472,-42.32666722647616,-43.30549330590264,9892.175767483634,9526.574213504167,Loss,35.0
1000.0,Short,2024-04-05 03:00:00+00:00,178.052,0.5,2024-04-07 01:00:00+00:00,178.139,-0.48837699099146903,-1.4886213016422902,9891.687390492641,9525.085592202526,Loss,46.0
1000.0,Long,2024-04-07 02:00:00+00:00,182.33,0.5,2024-04-08 02:00:00+00:00,177.375,-27.16241156145452,-28.1488235616739,9864.524978931187,9496.936768640851,Loss,24.0
1000.0,Short,2024-04-08 04:00:00+00:00,176.555,0.5,2024-04-08 08:00:00+00:00,180.284,-21.11033672226779,-22.120897170853215,9843.41464220892,9474.815871469998,Loss,4.0
1000.0,Long,2024-04-08 09:00:00+00:00,183.713,0.5,2024-04-09 06:00:00+00:00,178.376,-29.03622225972026,-30.021696885903495,9814.3784199492,9444.794174584094,Loss,21.0
1000.0,Short,2024-04-09 07:00:00+00:00,176.484,0.5,2024-04-10 22:00:00+00:00,172.767,21.05086863398401,20.061399333650836,9835.429288583184,9464.855573917745,Win,39.0
1000.0,Long,2024-04-11 15:00:00+00:00,173.605,0.5,2024-04-12 13:00:00+00:00,169.801,-21.900855390109882,-22.889899484462003,9813.528433193074,9441.965674433282,Loss,22.0
1000.0,Short,2024-04-12 14:00:00+00:00,167.872,0.5,2024-04-14 22:00:00+00:00,141.516,156.9220715783456,156.00057186427773,9970.45050477142,9597.96624629756,Win,56.0
1000.0,Long,2024-04-14 23:00:00+00:00,150.515,0.5,2024-04-15 15:00:00+00:00,144.713,-38.52837923130585,-39.50910540477693,9931.922125540113,9558.457140892782,Loss,16.0
1000.0,Short,2024-04-16 05:00:00+00:00,132.397,0.5,2024-04-18 16:00:00+00:00,138.93,-49.31934635981179,-50.34401836899629,9882.602779180303,9508.113122523786,Loss,59.0
1000.0,Long,2024-04-18 17:00:00+00:00,139.309,0.5,2024-04-19 01:00:00+00:00,138.177,-8.121758106080733,-9.11769519557244,9874.481021074222,9498.995427328213,Loss,8.0
1000.0,Short,2024-04-19 02:00:00+00:00,132.242,0.5,2024-04-19 06:00:00+00:00,138.899,-50.31435928071255,-51.33952904523517,9824.16666179351,9447.655898282977,Loss,4.0
1000.0,Long,2024-04-19 07:00:00+00:00,144.958,0.5,2024-04-24 15:00:00+00:00,155.023,69.39918804067383,68.36447108817725,9893.565849834184,9516.020369371156,Win,128.0
1000.0,Short,2024-04-24 16:00:00+00:00,151.484,0.5,2024-04-27 17:00:00+00:00,138.106,88.26880066541685,87.31295714398884,9981.8346504996,9603.333326515145,Win,73.0
1000.0,Long,2024-04-28 02:00:00+00:00,143.046,0.5,2024-04-28 22:00:00+00:00,141.326,-12.01809208226723,-13.012080030200064,9969.816558417333,9590.321246484946,Loss,20.0
1000.0,Short,2024-04-29 00:00:00+00:00,137.922,0.5,2024-05-01 18:00:00+00:00,126.795,80.63569626310516,79.67603428024529,10050.452254680438,9669.99728076519,Win,66.0
1000.0,Long,2024-05-01 19:00:00+00:00,133.917,0.5,2024-05-07 22:00:00+00:00,150.933,127.00024642129074,125.93671453213551,10177.452501101729,9795.933995297326,Win,147.0
1000.0,Short,2024-05-08 00:00:00+00:00,148.012,0.5,2024-05-09 18:00:00+00:00,146.559,9.811863227305935,8.816771613112492,10187.264364329034,9804.750766910438,Win,42.0
1000.0,Long,2024-05-09 21:00:00+00:00,150.159,0.5,2024-05-10 14:00:00+00:00,152.958,18.63092122350315,17.621601102831065,10205.895285552537,9822.37236801327,Win,17.0
1000.0,Short,2024-05-10 23:00:00+00:00,145.763,0.5,2024-05-13 08:00:00+00:00,143.488,15.599723523802368,14.607527287446091,10221.49500907634,9836.979895300716,Win,57.0
1000.0,Long,2024-05-13 17:00:00+00:00,149.544,0.5,2024-05-14 17:00:00+00:00,143.081,-43.19644051249156,-44.17483148772293,10178.298568563849,9792.805063812993,Loss,24.0
1000.0,Short,2024-05-14 18:00:00+00:00,142.789,0.5,2024-05-15 12:00:00+00:00,144.1,-9.176788828271242,-10.181379518030257,10169.121779735577,9782.623684294964,Loss,18.0
1000.0,Long,2024-05-15 13:00:00+00:00,148.86,0.5,2024-05-19 12:00:00+00:00,171.671,153.16132271933338,152.0847037484883,10322.28310245491,9934.708388043453,Win,95.0
1000.0,Long,2024-05-20 05:00:00+00:00,175.519,0.5,2024-05-21 14:00:00+00:00,179.017,19.919501592420147,18.909536859257354,10342.20260404733,9953.61792490271,Win,33.0
1000.0,Short,2024-05-21 20:00:00+00:00,175.346,0.5,2024-05-23 21:00:00+00:00,172.242,17.693292119580747,16.702143191176337,10359.89589616691,9970.320068093886,Win,49.0
1000.0,Short,2024-05-24 06:00:00+00:00,167.426,0.5,2024-05-27 11:00:00+00:00,166.489,5.593704084192382,4.596502335360062,10365.489600251103,9974.916570429246,Win,77.0
1000.0,Long,2024-05-27 12:00:00+00:00,167.779,0.5,2024-05-28 04:00:00+00:00,167.49,-1.7216427562447052,-2.720781504240581,10363.767957494858,9972.195788925006,Loss,16.0
1000.0,Long,2024-05-29 04:00:00+00:00,172.451,0.5,2024-05-30 06:00:00+00:00,168.774,-21.311337713321336,-22.300676713964997,10342.456619781537,9949.895112211041,Loss,26.0
1000.0,Short,2024-05-30 07:00:00+00:00,166.152,0.5,2024-05-30 17:00:00+00:00,169.897,-22.528332490731373,-23.539602291877312,10319.928287290804,9926.355509919164,Loss,10.0
1000.0,Long,2024-05-30 18:00:00+00:00,171.467,0.5,2024-05-31 15:00:00+00:00,166.737,-27.571690179451593,-28.557897437991137,10292.356597111353,9897.797612481172,Loss,21.0
1000.0,Short,2024-05-31 16:00:00+00:00,164.919,0.5,2024-06-03 12:00:00+00:00,164.913,0.03636330562278545,-0.963618503629029,10292.392960416975,9896.833993977543,Loss,68.0
1000.0,Long,2024-06-03 18:00:00+00:00,165.489,0.5,2024-06-06 19:00:00+00:00,171.24,34.734178706741886,33.71680292949989,10327.127139123717,9930.550796907044,Win,73.0
1000.0,Short,2024-06-06 20:00:00+00:00,169.241,0.5,2024-06-09 14:00:00+00:00,160.49,51.68147493810602,50.70732860240722,10378.808614061823,9981.258125509452,Win,66.0
1000.0,Short,2024-06-10 08:00:00+00:00,157.642,0.5,2024-06-10 15:00:00+00:00,159.85,-13.99941639918302,-15.006419608987512,10364.80919766264,9966.251705900464,Loss,7.0
1000.0,Long,2024-06-10 18:00:00+00:00,162.623,0.5,2024-06-11 01:00:00+00:00,159.006,-22.23050552504867,-23.219384711879563,10342.578692137591,9943.032321188584,Loss,7.0
1000.0,Short,2024-06-11 02:00:00+00:00,156.423,0.5,2024-06-12 12:00:00+00:00,151.699,30.185062299022547,29.200162380212653,10372.763754436613,9972.232483568798,Win,34.0
1000.0,Long,2024-06-12 13:00:00+00:00,158.795,0.5,2024-06-13 02:00:00+00:00,152.903,-37.08589061368423,-38.06733839226668,10335.67786382293,9934.165145176532,Loss,13.0
1000.0,Short,2024-06-13 12:00:00+00:00,149.576,0.5,2024-06-16 15:00:00+00:00,146.196,22.585909504198526,21.59720810825265,10358.263773327128,9955.762353284785,Win,75.0
1000.0,Long,2024-06-16 16:00:00+00:00,148.427,0.5,2024-06-17 03:00:00+00:00,148.583,1.0504962035208791,0.04997069266369014,10359.314269530649,9955.812323977449,Win,11.0
1000.0,Short,2024-06-17 11:00:00+00:00,143.223,0.5,2024-06-19 03:00:00+00:00,139.035,29.22649295155111,28.24111350830526,10388.5407624822,9984.053437485754,Win,40.0
1000.0,Long,2024-06-19 04:00:00+00:00,140.083,0.5,2024-06-20 03:00:00+00:00,134.377,-40.712627513688176,-41.69226101668283,10347.828134968511,9942.361176469072,Loss,23.0
1000.0,Short,2024-06-20 04:00:00+00:00,132.974,0.5,2024-06-20 10:00:00+00:00,137.309,-32.58405778573251,-33.60035796471487,10315.244077182779,9908.760818504357,Loss,6.0
1000.0,Long,2024-06-20 11:00:00+00:00,139.222,0.5,2024-06-20 15:00:00+00:00,134.502,-33.88573644969904,-34.86878510580224,10281.358340733079,9873.892033398555,Loss,4.0
1000.0,Short,2024-06-20 16:00:00+00:00,133.185,0.5,2024-06-22 05:00:00+00:00,135.14,-14.671490783496552,-15.678830198595849,10266.686849949583,9858.213203199959,Loss,37.0
1000.0,Short,2024-06-23 15:00:00+00:00,132.191,0.5,2024-06-24 18:00:00+00:00,128.124,30.750705418674443,29.766088462905895,10297.437555368258,9887.979291662865,Win,27.0
1000.0,Long,2024-06-25 02:00:00+00:00,132.124,0.5,2024-06-28 05:00:00+00:00,146.085,105.61305667403371,104.56022372922429,10403.050612042292,9992.539515392089,Win,75.0
1000.0,Short,2024-06-28 15:00:00+00:00,141.819,0.5,2024-06-30 08:00:00+00:00,140.581,8.725072098943087,7.729436817351763,10411.775684141236,10000.26895220944,Win,41.0
1000.0,Long,2024-06-30 19:00:00+00:00,145.244,0.5,2024-07-03 04:00:00+00:00,150.56,36.58217895403595,35.563878714439134,10448.357863095272,10035.83283092388,Win,57.0
1000.0,Short,2024-07-03 11:00:00+00:00,144.1,0.5,2024-07-05 13:00:00+00:00,128.732,106.59483691880632,105.64816099930597,10554.952700014079,10141.480991923187,Win,50.0
1000.0,Long,2024-07-06 08:00:00+00:00,136.837,0.5,2024-07-07 13:00:00+00:00,139.649,20.5397224434912,19.529447444770096,10575.49242245757,10161.010439367958,Win,29.0
1000.0,Short,2024-07-08 00:00:00+00:00,131.6,0.5,2024-07-08 08:00:00+00:00,132.545,-7.1772606382978665,-8.180851063829781,10568.315161819271,10152.829588304128,Loss,8.0
1000.0,Long,2024-07-08 09:00:00+00:00,140.452,0.5,2024-07-11 15:00:00+00:00,140.693,1.7150307578390311,0.714172813487936,10570.030192577111,10153.543761117617,Win,78.0
1000.0,Short,2024-07-11 16:00:00+00:00,138.424,0.5,2024-07-12 18:00:00+00:00,138.818,-2.8449040628793227,-3.846327226492569,10567.185288514233,10149.697433891124,Loss,26.0
1000.0,Long,2024-07-13 10:00:00+00:00,140.56,0.5,2024-07-17 16:00:00+00:00,158.047,124.34730008537281,123.28509533295392,10691.532588599606,10272.982529224078,Win,102.0
1000.0,Short,2024-07-18 16:00:00+00:00,156.291,0.5,2024-07-19 03:00:00+00:00,158.703,-15.425034071059713,-16.432750446282853,10676.107554528546,10256.549778777795,Loss,11.0
1000.0,Long,2024-07-19 04:00:00+00:00,161.788,0.5,2024-07-23 05:00:00+00:00,175.575,85.17384787499691,84.13123964694539,10761.281402403543,10340.68101842474,Win,97.0
1000.0,Short,2024-07-23 06:00:00+00:00,174.381,0.5,2024-07-24 14:00:00+00:00,177.309,-16.782424690763264,-17.790820100813672,10744.49897771278,10322.890198323927,Loss,32.0
1000.0,Long,2024-07-24 15:00:00+00:00,180.823,0.5,2024-07-25 02:00:00+00:00,175.314,-30.451023929478083,-31.43579080094908,10714.047953783302,10291.454407522977,Loss,11.0
1000.0,Short,2024-07-25 03:00:00+00:00,170.78,0.5,2024-07-26 04:00:00+00:00,175.689,-28.730211383065807,-29.744583674903257,10685.317742400235,10261.709823848074,Loss,25.0
1000.0,Long,2024-07-26 05:00:00+00:00,177.1,0.5,2024-07-27 16:00:00+00:00,182.412,29.979356295878006,28.964359119141697,10715.297098696114,10290.674182967216,Win,35.0
1000.0,Long,2024-07-29 01:00:00+00:00,188.032,0.5,2024-07-29 15:00:00+00:00,187.551,-2.556796183628421,-3.5555171460178014,10712.740302512486,10287.118665821197,Loss,14.0
1000.0,Short,2024-07-30 00:00:00+00:00,182.509,0.5,2024-07-31 08:00:00+00:00,183.036,-2.8860850697774367,-3.887528834194534,10709.85421744271,10283.231136987002,Loss,32.0
1000.0,Short,2024-07-31 20:00:00+00:00,176.541,0.5,2024-08-04 20:00:00+00:00,141.921,196.00370452189566,195.10175539959545,10905.857921964605,10478.332892386597,Win,96.0
1000.0,Short,2024-08-05 01:00:00+00:00,131.377,0.5,2024-08-05 17:00:00+00:00,131.149,1.7345958577225247,0.7354635895172833,10907.592517822328,10479.068355976115,Win,16.0
1000.0,Long,2024-08-06 02:00:00+00:00,138.551,0.5,2024-08-07 18:00:00+00:00,145.984,53.621291076932266,52.59446701936502,10961.21380889926,10531.66282299548,Win,40.0
1000.0,Long,2024-08-08 03:00:00+00:00,154.784,0.5,2024-08-09 15:00:00+00:00,153.568,-7.852181103990006,-8.84825304941072,10953.36162779527,10522.81456994607,Loss,36.0
1000.0,Short,2024-08-11 12:00:00+00:00,153.567,0.5,2024-08-12 10:00:00+00:00,144.259,60.581674448286435,59.61198043850569,11013.943302243557,10582.426550384575,Win,22.0
1000.0,Long,2024-08-14 13:00:00+00:00,149.837,0.5,2024-08-14 23:00:00+00:00,144.299,-36.941683295848065,-37.923203214159294,10977.001618947708,10544.503347170416,Loss,10.0
1000.0,Short,2024-08-15 00:00:00+00:00,143.643,0.5,2024-08-18 10:00:00+00:00,142.889,5.246500003480719,4.2491245657636005,10982.24811895119,10548.75247173618,Win,82.0
1000.0,Long,2024-08-18 11:00:00+00:00,143.915,0.5,2024-08-19 00:00:00+00:00,142.348,-10.882927422436751,-11.87748323663263,10971.365191528752,10536.874988499547,Loss,13.0
1000.0,Short,2024-08-19 11:00:00+00:00,141.096,0.5,2024-08-20 00:00:00+00:00,144.2,-21.988206611101646,-22.99920621420875,10949.37698491765,10513.875782285339,Loss,13.0
1000.0,Long,2024-08-20 01:00:00+00:00,146.493,0.5,2024-08-20 14:00:00+00:00,146.002,-3.3500201374808967,-4.34834428948816,10946.026964780169,10509.52743799585,Loss,13.0
1000.0,Short,2024-08-20 15:00:00+00:00,142.454,0.5,2024-08-22 10:00:00+00:00,142.864,-2.876682999424247,-3.8781220604544746,10943.150281780745,10505.649315935396,Loss,43.0
1000.0,Long,2024-08-23 01:00:00+00:00,144.321,0.5,2024-08-25 07:00:00+00:00,157.72,92.79523077029671,91.74880994449866,11035.945512551041,10597.398125879894,Win,54.0
1000.0,Short,2024-08-27 08:00:00+00:00,157.683,0.5,2024-09-01 18:00:00+00:00,132.571,159.17660115548279,158.25622927011784,11195.122113706524,10755.654355150013,Win,130.0
1000.0,Short,2024-09-01 23:00:00+00:00,129.014,0.5,2024-09-02 23:00:00+00:00,134.731,-44.29086378222496,-45.31302029237115,11150.831249924298,10710.341334857641,Loss,24.0
1000.0,Long,2024-09-03 00:00:00+00:00,134.865,0.5,2024-09-03 13:00:00+00:00,134.313,-4.0909353798244865,-5.088888888889106,11146.740314544473,10705.252445968752,Loss,13.0
1000.0,Short,2024-09-03 15:00:00+00:00,130.252,0.5,2024-09-04 14:00:00+00:00,129.24,7.765669625034548,6.7695544022356655,11154.505984169507,10712.022000370987,Win,23.0
1000.0,Long,2024-09-04 16:00:00+00:00,133.724,0.5,2024-09-05 19:00:00+00:00,130.458,-24.411227603122825,-25.399015883461434,11130.094756566385,10686.622984487525,Loss,27.0
1000.0,Short,2024-09-05 20:00:00+00:00,128.386,0.5,2024-09-06 12:00:00+00:00,130.185,-14.005425046344726,-15.012431261975713,11116.08933152004,10671.61055322555,Loss,16.0
1000.0,Long,2024-09-06 13:00:00+00:00,133.45,0.5,2024-09-06 16:00:00+00:00,128.014,-40.71399025852361,-41.693623079804986,11075.375341261515,10629.916930145744,Loss,3.0
1000.0,Short,2024-09-06 17:00:00+00:00,126.452,0.5,2024-09-09 16:00:00+00:00,128.344,-14.954717995761143,-15.962199095308797,11060.420623265754,10613.954731050435,Loss,71.0
1000.0,Long,2024-09-09 17:00:00+00:00,132.611,0.5,2024-09-11 05:00:00+00:00,132.216,-2.9771474462901324,-3.975658127907796,11057.443475819464,10609.979072922528,Loss,36.0
1000.0,Short,2024-09-11 06:00:00+00:00,131.302,0.5,2024-09-12 01:00:00+00:00,133.501,-16.73927662944982,-17.747650454677157,11040.704199190013,10592.23142246785,Loss,19.0
1000.0,Long,2024-09-12 04:00:00+00:00,135.534,0.5,2024-09-13 11:00:00+00:00,134.067,-10.8184403913408,-11.81302846518205,11029.885758798673,10580.418394002669,Loss,31.0
1000.0,Short,2024-09-13 12:00:00+00:00,132.5,0.5,2024-09-13 15:00:00+00:00,133.776,-9.625373584905788,-10.63018867924541,11020.260385213767,10569.788205323423,Loss,3.0
1000.0,Long,2024-09-13 16:00:00+00:00,136.549,0.5,2024-09-15 10:00:00+00:00,136.403,-1.0686786428317419,-2.0681440362070136,11019.191706570935,10567.720061287215,Loss,42.0
1000.0,Short,2024-09-15 12:00:00+00:00,135.53,0.5,2024-09-17 14:00:00+00:00,131.068,32.90613886224446,31.922600162325622,11052.09784543318,10599.642661449541,Win,50.0
1000.0,Long,2024-09-17 16:00:00+00:00,134.605,0.5,2024-09-18 09:00:00+00:00,130.708,-28.936900560900312,-29.9224248727758,11023.16094487228,10569.720236576766,Loss,17.0
1000.0,Short,2024-09-18 10:00:00+00:00,129.12,0.5,2024-09-18 23:00:00+00:00,131.382,-17.50982806691445,-18.51858736059475,11005.651116805366,10551.201649216171,Loss,13.0
1000.0,Long,2024-09-19 00:00:00+00:00,134.3,0.5,2024-09-22 09:00:00+00:00,147.247,96.355372300819,95.30717051377506,11102.006489106185,10646.508819729946,Win,81.0
1000.0,Short,2024-09-22 10:00:00+00:00,144.91,0.5,2024-09-23 03:00:00+00:00,146.666,-12.111807328686723,-13.117866261817632,11089.894681777498,10633.39095346813,Loss,17.0
1000.0,Long,2024-09-24 03:00:00+00:00,146.565,0.5,2024-09-26 00:00:00+00:00,147.895,9.069934841196869,8.065397605158251,11098.964616618694,10641.456351073288,Win,45.0
1000.0,Short,2024-09-26 01:00:00+00:00,147.212,0.5,2024-09-26 10:00:00+00:00,150.707,-23.72940045648454,-24.741271092030555,11075.23521616221,10616.715079981257,Loss,9.0
1000.0,Long,2024-09-26 11:00:00+00:00,152.744,0.5,2024-09-30 02:00:00+00:00,157.219,29.282737783480798,28.268089090242437,11104.51795394569,10644.9831690715,Win,87.0
1000.0,Short,2024-09-30 03:00:00+00:00,155.967,0.5,2024-10-04 12:00:00+00:00,140.022,102.18204812556519,101.23316470791914,11206.700002071255,10746.216333779419,Win,105.0
1000.0,Long,2024-10-04 19:00:00+00:00,143.849,0.5,2024-10-07 18:00:00+00:00,149.036,36.04061550653796,35.02258618412348,11242.740617577792,10781.238919963542,Win,71.0
1000.0,Short,2024-10-08 01:00:00+00:00,144.76,0.5,2024-10-11 06:00:00+00:00,140.879,26.79648728930647,25.809892235424183,11269.537104867099,10807.048812198966,Win,77.0
1000.0,Long,2024-10-11 10:00:00+00:00,142.055,0.5,2024-10-15 11:00:00+00:00,154.91,90.44787230298107,89.40262574354986,11359.98497717008,10896.451437942516,Win,97.0
1000.0,Long,2024-10-15 14:00:00+00:00,158.49,0.5,2024-10-17 17:00:00+00:00,151.22,-45.84746671714311,-46.82453151618405,11314.137510452936,10849.626906426332,Loss,51.0
1000.0,Short,2024-10-17 18:00:00+00:00,149.41,0.5,2024-10-18 07:00:00+00:00,153.61,-28.09651295094045,-29.11056823505798,11286.040997501996,10820.516338191275,Loss,13.0
1000.0,Long,2024-10-18 17:00:00+00:00,155.65,0.5,2024-10-21 13:00:00+00:00,165.74,64.79251525859308,63.76010279473186,11350.83351276059,10884.276440986006,Win,68.0
1000.0,Long,2024-10-23 20:00:00+00:00,173.03,0.5,2024-10-25 07:00:00+00:00,173.5,2.714933826503966,1.713575680517721,11353.548446587094,10885.990016666525,Win,35.0
1000.0,Short,2024-10-25 18:00:00+00:00,167.93,0.5,2024-10-26 20:00:00+00:00,171.45,-20.95063419281837,-21.961114750193467,11332.597812394275,10864.028901916332,Loss,26.0
1000.0,Long,2024-10-26 21:00:00+00:00,172.49,0.5,2024-10-30 11:00:00+00:00,177.22,27.408168589483466,26.39445764971884,11360.005980983758,10890.423359566052,Win,86.0
1000.0,Short,2024-10-30 12:00:00+00:00,175.69,0.5,2024-11-01 13:00:00+00:00,169.58,34.759775741362546,33.77716432352431,11394.76575672512,10924.200523889576,Win,49.0
1000.0,Short,2024-11-01 16:00:00+00:00,164.0,0.5,2024-11-05 13:00:00+00:00,163.31,4.205213414634045,3.20731707317063,11398.970970139755,10927.407840962747,Win,93.0
1000.0,Long,2024-11-05 14:00:00+00:00,163.62,0.5,2024-11-10 20:00:00+00:00,208.6,274.7678156704558,273.6303630363035,11673.73878581021,11201.03820399905,Win,126.0
1000.0,Long,2024-11-11 15:00:00+00:00,218.94,0.5,2024-11-12 12:00:00+00:00,211.5,-33.96492189640992,-34.9479309399835,11639.7738639138,11166.090273059068,Loss,21.0
1000.0,Short,2024-11-13 01:00:00+00:00,210.69,0.5,2024-11-13 14:00:00+00:00,212.61,-9.10835825145955,-10.112914708813957,11630.66550566234,11155.977358350254,Loss,13.0
1000.0,Long,2024-11-13 15:00:00+00:00,216.88,0.5,2024-11-15 04:00:00+00:00,209.16,-35.57792327554398,-36.56012541497592,11595.087582386797,11119.417232935279,Loss,37.0
1000.0,Short,2024-11-15 05:00:00+00:00,205.94,0.5,2024-11-15 21:00:00+00:00,216.08,-49.213023210643996,-50.237642031659824,11545.874559176153,11069.17959090362,Loss,16.0
1000.0,Long,2024-11-15 22:00:00+00:00,218.89,0.5,2024-11-19 21:00:00+00:00,239.8,95.47967015395875,94.4319064370233,11641.35422933011,11163.611497340642,Win,95.0
1000.0,Short,2024-11-20 09:00:00+00:00,237.56,0.5,2024-11-21 12:00:00+00:00,240.01,-10.308027445697803,-11.313184037716661,11631.046201884414,11152.298313302925,Loss,27.0
1000.0,Long,2024-11-21 13:00:00+00:00,242.5,0.5,2024-11-24 11:00:00+00:00,252.16,39.815134020618416,38.79521649484522,11670.861335905032,11191.09352979777,Win,70.0
1000.0,Short,2024-11-24 12:00:00+00:00,248.62,0.5,2024-11-27 14:00:00+00:00,237.86,43.25726007561741,42.2788995253801,11714.11859598065,11233.37242932315,Win,74.0
1000.0,Long,2024-11-27 16:00:00+00:00,240.59,0.5,2024-11-28 15:00:00+00:00,235.25,-22.184338501184584,-23.173240783074938,11691.934257479465,11210.199188540075,Loss,23.0
1000.0,Short,2024-11-28 16:00:00+00:00,233.06,0.5,2024-11-29 11:00:00+00:00,241.84,-37.65386595726409,-38.672702308418295,11654.280391522201,11171.526486231656,Loss,19.0
1000.0,Long,2024-11-29 12:00:00+00:00,245.33,0.5,2024-12-01 00:00:00+00:00,237.73,-30.963192434679854,-31.94770309379207,11623.317199087522,11139.578783137864,Loss,36.0
1000.0,Short,2024-12-01 01:00:00+00:00,237.68,0.5,2024-12-03 21:00:00+00:00,228.82,37.25837260181754,36.27701110737123,11660.57557168934,11175.855794245235,Win,68.0
1000.0,Long,2024-12-03 22:00:00+00:00,237.68,0.5,2024-12-04 16:00:00+00:00,233.99,-15.517313194210601,-16.50955065634456,11645.05825849513,11159.34624358889,Loss,18.0
1000.0,Short,2024-12-05 01:00:00+00:00,226.42,0.5,2024-12-05 09:00:00+00:00,235.85,-41.62744015546332,-42.64826428760712,11603.430818339666,11116.697979301283,Loss,8.0
1000.0,Long,2024-12-05 10:00:00+00:00,237.82,0.5,2024-12-08 09:00:00+00:00,235.07,-11.557585568917716,-12.551803885291443,11591.873232770748,11104.146175415992,Loss,71.0
1000.0,Short,2024-12-08 10:00:00+00:00,234.09,0.5,2024-12-11 10:00:00+00:00,222.53,49.35802469135808,48.38271604938277,11641.231257462106,11152.528891465374,Win,72.0
1000.0,Long,2024-12-11 11:00:00+00:00,223.83,0.5,2024-12-13 06:00:00+00:00,225.55,7.680561140151099,6.676718938480188,11648.911818602257,11159.205610403855,Win,43.0
1000.0,Short,2024-12-14 10:00:00+00:00,225.89,0.5,2024-12-15 23:00:00+00:00,219.25,29.380140776484154,28.394838195581944,11678.291959378741,11187.600448599436,Win,37.0
1000.0,Long,2024-12-16 00:00:00+00:00,224.21,0.5,2024-12-16 10:00:00+00:00,218.42,-25.811092279559375,-26.798180277418524,11652.480867099182,11160.802268322017,Loss,10.0
1000.0,Short,2024-12-16 11:00:00+00:00,217.5,0.5,2024-12-17 09:00:00+00:00,217.11,1.7922068965516473,0.7931034482757853,11654.273073995733,11161.595371770292,Win,22.0
1000.0,Long,2024-12-17 11:00:00+00:00,222.89,0.5,2024-12-18 05:00:00+00:00,217.09,-26.008793575306186,-26.995782673067414,11628.264280420428,11134.599589097224,Loss,18.0
