timestamp,LINAUSDT-GTCUSDT,LITUSDT-TLMUSDT,ONEUSDT-DENTUSDT,QTUMUSDT-STEEMUSDT,ICXUSDT-NKNUSDT,FLOWUSDT-OXTUSDT,AXSUSDT-DODOXUSDT,OGNUSDT-LUNA2USDT,KAVAUSDT-SKLUSDT,BCHUSDT-JTOUSDT,SNXUSDT-HFTUSDT,EOSUSDT-ZILUSDT
2024-01-11,-4.968797649241706,3.9731674408164888,2.697949105115706,2.618325936239236,0.756687006361533,2.1822799879049524,3.8114439297126648,-1.3575455022066443,2.1825806569425086,4.873562283805767,2.3272713555918783,3.529814759484249
2024-01-12,-4.9557943783966705,3.9809744938945446,2.652946441775925,2.6204789808540663,0.7456777786834041,2.162665442641165,3.7598534158481023,-1.3601610849473178,2.1621968263599465,4.879018235051316,2.3681552572034947,3.566397175237306
2024-01-13,-4.957159139295945,3.98995407720758,2.6428449815257338,2.5875972220644794,0.7476279240112407,2.1702512256273967,3.769081156938455,-1.4779795749904099,2.159167043505552,4.632031098889857,2.3747728553775165,3.54883338046822
2024-01-14,-4.936557665891194,4.004091691308299,2.630838457101384,2.5969893242096744,0.7448105369371014,2.1747023399873973,3.7649465233352273,-1.4871413129893474,2.1643954640981207,4.576397862365826,2.361006468980068,3.554273370359648
2024-01-15,-4.938027564910238,3.9897964414328397,2.6405679039206253,2.596739679951444,0.7692570905318128,2.187021333465715,3.7484452068497793,-1.457606944365479,2.168340238306224,4.64924206631785,2.3343610596977475,3.5784930291126567
2024-01-16,-4.9535426027104075,3.972187132381588,2.640420487394966,2.5807644015066544,0.7736785845597451,2.193994505521826,3.7676406237666646,-1.4653985422111626,2.1851917942701693,4.5740641500114565,2.2832410761163606,3.519545092846793
2024-01-17,-4.916526947231604,3.983996505053235,2.6316818352148355,2.570652490410326,0.7724694271072172,2.1776721421531446,3.706362416894284,-1.4820674219584422,2.206685159244445,4.5563371191822855,2.3123849754270562,3.500017651639372
2024-01-18,-4.902968381603025,3.9924814270964455,2.62728304320294,2.5765471007033627,0.777492499289099,2.189828915860921,3.724538067488446,-1.4829652232122323,2.2086494138770125,4.701116009424022,2.3142496487589765,3.508416633914607
2024-01-19,-4.898865505663324,4.033284305460854,2.6299521501790064,2.5522153103505216,0.7692485649794774,2.1840301545590806,3.772129128228599,-1.4468811048658299,2.214914054292703,4.653438552415188,2.2390716872717196,3.5265818492449625
2024-01-20,-4.987254003094754,4.039882990023687,2.640535923876171,2.56962127082228,0.71708834245787,2.130386697933372,3.7698979971028335,-1.4027330874630506,2.2622384808615346,4.6913943365410224,2.261016838764864,3.500606861217421
2024-01-21,-5.037282327096509,4.123592991348333,2.6722803171066625,2.5811447193725794,0.7313854293971227,2.0999280943293606,3.795781197921696,-1.3509206540152379,2.2583827820871614,4.720860558640162,2.2158533971697127,3.5060950414913066
2024-01-22,-5.059832375870489,4.067215894833848,2.652077042823562,2.600971261061771,0.6680790537667416,2.102801709036429,3.7933072123357343,-1.3230224645975124,2.2850446624520013,4.76470804121482,2.273035389892178,3.5255782219990115
2024-01-23,-5.019888499576739,4.054730458033062,2.6573134147310684,2.60104734447498,0.6853606062261084,2.10836470466955,3.7732468918450888,-1.3482440154508988,2.3324900649852416,4.766072180109511,2.281591955622167,3.5416316327040205
2024-01-24,-4.9917709487704975,4.063664273649979,2.669917331406766,2.591079654608972,0.6923134225793657,2.13666557754631,3.7951208432842947,-1.3565883941044758,2.1808792789537996,4.790783619577548,2.2846390668138845,3.5375109947969947
2024-01-25,-4.988938627195606,4.0699929133224,2.657513132105854,2.5600788428295775,0.7436531015128807,2.1079261624402506,3.8036831182932715,-1.3568016068952784,2.2655517059146764,4.837072917392183,2.295569758100141,3.5444654633666017
2024-01-26,-4.942678334304152,4.071255513449736,2.6703860316815264,2.572863552663746,0.7252017841349079,2.077060273191192,3.8061235330818857,-1.3295850181598539,2.2141795466858003,4.7469034536821395,2.287190700308303,3.5422243283634636
2024-01-27,-4.968441855498254,4.068073970870002,2.6644789528085697,2.5788384696222035,0.7386197501353902,2.063280410906694,3.779137201586006,-1.3823157789781295,2.235049457500873,4.7593961409975,2.2760470097558065,3.53127398436428
2024-01-28,-4.983259760796083,4.069169091099894,2.6525843782053506,2.5865856150381537,0.7410262075943415,2.055936186006183,3.8134606686726302,-1.371784394402898,2.2647054019003887,4.777955607548091,2.281682756577455,3.5478305497103744
2024-01-29,-4.975251790206939,4.080227806676274,2.684212337662763,2.5900415082181967,0.7410767879622724,2.0751686989536937,3.797107536312666,-1.348096325329712,2.259290587616948,4.756257315499628,2.3010520557476095,3.53772189235481
2024-01-30,-4.972604648213271,4.098278671058166,2.667905483952917,2.592684711088827,0.7309322923489754,2.04376139246673,3.8049700452118973,-1.3317722152834253,2.262893057667452,4.6926566769757,2.296068390335265,3.5359505215370004
2024-01-31,-4.9777288123837256,4.09641121240225,2.6433338863825186,2.5929847189585304,0.7279880208334248,2.0587056432006574,3.7808785819921216,-1.3448688002337845,2.2806123385880785,4.8078121210003415,2.2841110624909366,3.5444654633666017
2024-02-01,-4.9950621206332855,4.106633503356452,2.6537613977348613,2.595065582985539,0.7146273871588347,2.0291721550759108,3.8151622373818874,-1.3401780687157812,2.2734309609000656,4.829455700333755,2.316978432791961,3.5486235626054943
2024-02-02,-4.977357267136807,4.122159250404978,2.6496764038328537,2.5860189243703795,0.7192954805122183,2.026117964698043,3.8325534659302694,-1.34142967183768,2.269274229723787,4.79083375941338,2.3274271348043993,3.5578020504509804
2024-02-03,-4.962231653155239,4.136740121189787,2.6603649539253054,2.5936026104841705,0.7223625338141806,2.012121657222485,3.847475729601345,-1.406030334070334,2.284071240207418,4.843383089019968,2.2993737864449963,3.576737008566439
2024-02-04,-4.977518182854865,4.147072430070149,2.6744008426078416,2.5861545928202103,0.721554390499414,1.9717466740910887,3.8483923862456,-1.3867713465808778,2.277917271143272,4.862458857522456,2.336430939018374,3.5626197735779983
2024-02-05,-4.9840989944991865,4.143595067012593,2.682741418429406,2.5907387523444507,0.7154282634705778,1.9632400028441346,3.8389773452565974,-1.3853463439845821,2.2695750228840095,4.87295751725757,2.3196123544043266,3.5775648681786345
2024-02-06,-4.987982759868006,4.089861121386762,2.668300468432477,2.588158201571006,0.7212108534099007,1.9770869034048095,3.8458177086655194,-1.3875428007327288,2.2643711476421164,4.887704169113385,2.354926330888555,3.5882359283342486
2024-02-07,-5.020839464270497,4.117161915577135,2.6697680145311935,2.597394451623225,0.6891791044817082,1.9673583655158813,3.8332773889777974,-1.414837038339025,2.2544114370365858,4.863319690920387,2.3317045298872743,3.5681378364178076
2024-02-08,-5.058443139915577,4.119643306428522,2.648693602770945,2.6029450806698815,0.6781024472826944,2.0385731421833446,3.8516373141791376,-1.4198654617268602,2.280227708240792,4.889761907533403,2.333861363260753,3.5642066274237374
2024-02-09,-5.039977252380271,4.121332850313045,2.696647569004398,2.6009481748661605,0.6953474014695478,2.0439176904078806,3.8153607086241683,-1.4153873220615554,2.219308086277612,4.842020163953328,2.350514301449513,3.5558198708871727
2024-02-10,-5.058748935566427,4.123629371450868,2.7109670723973336,2.593603838544866,0.6762523467924308,2.0869304038325343,3.828737880584546,-1.4397124003367257,2.1970576463617895,4.846648102257496,2.3484307672903455,3.5553480614894135
2024-02-11,-5.068411593361885,4.136415867946552,2.704783291956862,2.5897112083513933,0.6985211299013323,2.0945119002864616,3.8353531004373878,-1.4202845613484423,2.2324421777899786,4.926031177915055,2.3496664564260135,3.5520836407450065
2024-02-12,-5.060496070076549,4.151038241083161,2.693180038622759,2.5975804109423364,0.6882597559245596,2.112557308725374,3.843664890954952,-1.4066299901165273,2.205545637623648,4.908907814086832,2.362019782530697,3.5554806962797136
2024-02-13,-5.052858966025246,4.089189333949538,2.6619935238284382,2.5993050314401565,0.6716202729833354,2.132842318406951,3.7807809573093247,-1.3976900629562306,2.182284169803604,4.83072092298463,2.3577597340895684,3.5480576282267346
2024-02-14,-5.038593291871089,4.111191561692648,2.6588259149376814,2.60214250742085,0.6568907154430512,2.1685021840219165,3.7642490765145835,-1.4037773239002382,2.145939416369301,4.833126482931621,2.3460459716153936,3.543740232034996
2024-02-15,-5.018750425315247,4.126223485055774,2.6157537439373746,2.643154708208587,0.6787034995623251,2.199155533237192,3.7635163048053015,-1.4365041657035655,2.094573330341613,4.814840170233219,2.300442617616399,3.5213472055908466
2024-02-16,-5.048092856631157,4.152658980363678,2.5994334899867857,2.645475490386761,0.6546410779743321,2.168164043875226,3.7992027318087995,-1.4211460499617052,2.109350816797836,4.80761190162739,2.288682729243424,3.498765650099816
2024-02-17,-5.074626020095505,4.273283944665482,2.5646545895891,2.605916300982055,0.6778610873221316,2.087404566647713,3.735702513276734,-1.4368798579079969,2.0845135862229425,4.814896957317123,2.319323033488809,3.5144010747810075
2024-02-18,-5.135294468285657,4.230814631464577,2.6248338950811316,2.625459013027978,0.6595958530720454,2.1310406264286357,3.7617070701118083,-1.4431482920640764,2.1081905188369974,4.741520336577229,2.2933392207620398,3.492535997729663
2024-02-19,-5.131828360069053,4.198426082298331,2.6611984554924715,2.6296736849696383,0.6984074142560679,2.1030691648610422,3.7880095020916644,-1.3825247231481104,2.1401420293149624,4.7421689485117335,2.296065315041969,3.482029542285827
2024-02-20,-5.149853210344743,4.146755799710992,2.6645650891624717,2.6071397266469534,0.6203282371022989,2.0417123766983374,3.7759851248214504,-1.3462890265061915,2.1577976906511633,4.7718885150781585,2.3181061670003524,3.5263605246161616
2024-02-21,-5.116222284672953,4.142675372451251,2.613989552886178,2.5933039123893002,0.49117373199092196,2.0000144080485143,3.7713766570866136,-1.36356275503003,2.2027036898927888,4.838339123223597,2.3079728842775973,3.5078659419799973
2024-02-22,-5.067593919711058,4.269889134737032,2.5486424546643467,2.5861855271261778,0.5603270878401623,2.0845743590915027,3.759542405386734,-1.3398569184589104,2.209692385879627,4.827133694280882,2.250437949116737,3.502704328003992
2024-02-23,-5.035165803785056,4.34098188015635,2.5744849153427385,2.5713521278320774,0.6215769880586932,2.1330257878139425,3.69825557902798,-1.3373361524401868,2.2044780345456165,4.8859419702705305,2.2123492984874518,3.546894505428461
2024-02-24,-5.060544505217868,4.226068451135916,2.6596076816433887,2.5754699756314086,0.6391709213792143,2.091788367332127,3.6888794541139363,-1.3389699224787524,2.2248232765190443,4.845630187313763,2.3309326577715095,3.5086330173839855
2024-02-25,-5.04078500195864,4.2028181714788495,2.754820107411234,2.599131867206075,0.6610621503557383,2.102444620237848,3.688142534404832,-1.3602856471576896,2.230847873798706,4.841054436340439,2.266290282035148,3.4354007030036535
2024-02-26,-5.027528126086163,4.07392740844649,2.699211079199854,2.5999149526023957,0.6331218462751802,2.066171347699304,3.6984597875971112,-1.3370844611026398,2.1933224078454905,4.814293276252621,2.246606524283741,3.4438638279810583
2024-02-27,-5.027528126086163,4.092651081715768,2.598256555479305,2.610693904270187,0.6621768698249386,2.1061268533257747,3.738434392867658,-1.3484489988432502,2.1756033560375987,4.8089353486246225,2.230450399242521,3.460146760774967
2024-02-28,-5.003946305945459,4.033485864044128,2.540159231991262,2.6247582571524033,0.7016527902951124,2.050388052122745,3.6931063476637087,-1.312726826733904,2.155887342222344,4.872889650076648,2.280184952820918,3.4127091719226534
2024-02-29,-5.030285648722548,4.03213360179862,2.6703098731193626,2.599973312518509,0.7390857585739807,2.1125324446300495,3.784979254419232,-1.2912140986740617,2.161556395556267,4.7788446729250875,2.286239827991709,3.4350190228375546
2024-03-01,-5.048808886735011,4.016544665236094,2.6287233130726966,2.6188159658729857,0.7139904024915116,2.09688726695535,3.7642940077548204,-1.2843589574918381,2.0934658803979542,4.8233914016631125,2.306110102151918,3.448247793702787
2024-03-02,-5.010144255539863,3.9632428972392333,2.624218049895746,2.677612822899876,0.7236326206491595,2.120194724915013,3.720257388965935,-1.3725389860514052,2.1760731922488126,5.287184350072505,2.257617094801815,3.5704389365893325
2024-03-03,-4.976474439942783,3.902992628000363,2.7718342899142963,2.6472992661553576,0.6928832760918306,2.1349350796471724,3.7241730552715384,-1.3336352572780452,2.135311298753506,5.1279671392656345,2.1663302418613624,3.564321787991418
2024-03-04,-5.058958866833677,3.997005231242701,2.6398178526577367,2.8302981660400306,0.7476521044456432,2.1106811698760715,3.7849407346755806,-1.3442618627802028,2.148536972010014,5.126153782900156,2.227378077543764,3.53403215287223
2024-03-05,-5.169271403821001,4.0370021162373515,2.682424199212854,2.8267149865138186,0.7817231464250716,2.1087538916574378,3.740018136606767,-1.829829910326187,2.1892684788343852,5.047915214264756,2.226556642264427,3.5262435723910124
2024-03-06,-5.068934008923761,4.0800117828358715,2.69439235049566,2.805505537252923,0.77735483852661,2.131081156417168,3.7042484204435895,-1.6607873587312987,2.2192451689588126,5.0581859614003095,2.257010979128665,3.3700686135375593
2024-03-07,-5.125860783601522,4.077978889351756,2.7695339028703385,2.7319003882030035,0.7662590559404316,2.1888294221980615,3.7044352731785812,-1.6329992117724976,2.2725090969142214,4.995616065851633,2.218573551596636,3.5673319326885036
2024-03-08,-5.113360762116077,4.1027577038207825,2.738463994295033,2.7458892896401714,0.7540826241571286,2.1345239154349644,3.7251104426487176,-1.6294598427860505,2.3330333300386052,5.058792442887918,2.190795925747577,3.5350868763495917
2024-03-09,-5.136218516871605,3.9704885884097485,2.7929000199117264,2.72722011720993,0.6976722081147786,2.169397962519488,3.830283741183697,-1.578864052852235,2.3169065419213366,5.011283862635621,2.1904643109715787,3.530959612906619
2024-03-10,-5.15909834792415,4.020974189216701,2.826826074227568,2.7045604921915607,0.7375782586823809,2.191455089364306,3.791098073000721,-1.5381471402163502,2.2825050804496847,5.0167309215234495,2.162674093405484,3.458294202080262
2024-03-11,-5.111497629552183,4.033719940405666,2.8061163442846615,2.6984047362515047,0.725590359920701,2.214814441484751,3.744432384976604,-1.570135701902273,2.3339484999495013,5.0783264902485215,2.247785295353223,3.4860211040746103
2024-03-12,-5.015307207456999,3.987482277912142,2.7682575477196005,2.7063746910760536,0.6870644027991368,2.2823775254210226,3.708921378870229,-1.4501498554465002,2.3263315377851588,5.026163232037064,2.2873801217003424,3.4497895873306237
2024-03-13,-5.019211675996082,4.059521734827533,2.759563735552318,2.7221058272920686,0.7319765394638892,2.2250808970396663,3.6899333047098404,-1.4496561148694163,2.2437343450219833,5.030539005125469,2.257194507392577,3.3735197229545326
2024-03-14,-5.029310398440646,4.081299979426272,2.772530499771715,2.659480519791129,0.7535462947269567,2.213632062603149,3.6945185359882355,-1.465543732774031,2.268971553063802,4.995576753128567,2.242344364979964,3.364256593499005
2024-03-15,-5.003641415352844,4.05690129469324,2.7716646500964033,2.6980501177676266,0.7480677002082188,2.193998253430025,3.6979854348197465,-1.4459153672625893,2.2664079910962696,4.868533701100807,2.198975584612532,3.3618323579523066
2024-03-16,-4.986691612343626,4.013110094081821,2.779604364193363,2.6894517475377926,0.7538005384214403,2.18816199329991,3.7244322515649473,-1.4346038715910518,2.2973433478745613,4.765048731209742,2.243623202117407,3.400285943045209
2024-03-17,-5.00611380937741,4.042984558918879,2.791636917210476,2.6875724016433344,0.7119561044508629,2.2024841661202226,3.736738476865571,-1.4420209692859798,2.3143067586701616,4.725455604875937,2.2443713557619214,3.398840279804774
2024-03-18,-5.056853491272659,4.067096071026798,2.7804187398724984,2.690035804476555,0.7251737999833454,2.219470186283539,3.7710209319158348,-1.4860470771569076,2.4280750185675153,4.721887810940056,2.2665383421930585,3.4338756488415827
2024-03-19,-5.004770174643857,4.060011607551083,2.819475936263127,2.6832063426235475,0.7238126727221315,2.2687776764244605,3.7675253921528533,-1.4690922879723878,2.261392532786783,4.712158495415111,2.1885544069562126,3.383208343826082
2024-03-20,-4.996383271389054,4.0640969020592435,2.824821686419967,2.6731156701266032,0.7445110291507917,2.245848339122896,3.747678244022161,-1.47477308980347,2.247932265466461,4.828960461301828,2.211049103150592,3.3813360499719347
2024-03-21,-4.934186555772422,4.059496679747205,2.826429435495454,2.6404573702477956,0.7543579116048418,2.185566291230418,3.721315990848472,-1.5083336279302424,2.2676564921078883,4.934080486437342,2.3009856410364744,3.4038636549051593
2024-03-22,-4.9776682448660665,4.044123738150139,2.8212432104033063,2.644470311685729,0.742861886657747,2.182635517092927,3.6977226131963152,-1.6190528945707798,2.212608473043184,5.02190732051917,2.3051483007355187,3.3951889110170095
2024-03-23,-4.979513854039302,4.00790256725749,2.816105228326308,2.6611692974233256,0.7642157068020647,2.218104562024701,3.74306698854232,-1.6902419448493964,2.2219004391881505,5.0908560803028955,2.336071653296375,3.452186493537855
2024-03-24,-4.992305104870947,4.051477947952716,2.793125632030357,2.611724964536733,0.7671117512808905,2.2091518036645823,3.694685350112544,-1.7881002494899358,2.166260197119388,5.083455864319684,2.335578232788895,3.4329706111251626
2024-03-25,-4.979908663234179,4.082169453162703,2.8263959513083585,2.6043915064291054,0.7860100264047205,2.206681773817535,3.694785616856387,-1.746587750581334,2.1142747280875036,5.046110365686355,2.427069924916448,3.3921728053650124
2024-03-26,-4.892358065200261,4.15846022564499,2.8002010098527848,2.624219269040145,0.8363323501203481,2.213463755172515,3.706710104847425,-1.6640174492643585,2.1328100841298974,5.023042049814834,2.348931049274259,3.3729119374730163
2024-03-27,-4.900726314870778,4.1552030727153175,2.765133371812762,2.6207496277762647,0.8527642217952858,2.197477316853388,3.742213454385633,-1.6406385233985623,2.1308579021245855,5.182930539349314,2.36216620015876,3.3978132836779147
2024-03-28,-5.000357711338015,4.153678032076691,2.754388654392634,2.642176605031171,0.8057168692459966,2.2096838469370734,3.7559622512913187,-1.6686598219285584,2.171926553898221,5.200326164304773,2.3937356232288485,3.3820908162900447
2024-03-29,-5.059020681899101,4.132739778870821,2.753007141759059,2.6285245200670624,0.7871886777319681,2.1823976792319244,3.770996828087026,-1.572154179013444,2.14160653273799,5.249560929656771,2.346970125027531,3.4031849150655518
2024-03-30,-5.060105164377569,4.131830931163548,2.773184729012167,2.6312423146585107,0.7748662190698026,2.1601552373443007,3.7824269606976046,-1.6243219081333375,2.155127624995098,5.234872378100121,2.334849544761653,3.3648430266161253
2024-03-31,-5.005962388396863,4.13884078010424,2.802220049774553,2.660457309630515,0.7550225842780327,2.157575653668109,3.770309597261045,-1.6719944431774958,2.1857393523730075,5.1110491195939876,2.3207320588989817,3.3435102469367455
2024-04-01,-4.974530289454139,4.155987536573742,2.796575858038366,2.651643420619071,0.764599556297495,2.159160522565338,3.7573936516299415,-1.6274479225901048,2.195355496914754,4.991182949207503,2.3112313357089103,3.367074700591227
2024-04-02,-4.927677882258932,4.163212216143369,2.807241519355574,2.6538656913152914,0.6147534744223211,2.157681751118468,3.7453244869795688,-1.580286715527007,2.088994257694731,5.067906809980576,2.2814436959488313,3.394320975441855
2024-04-03,-4.929006475276781,4.174124699328289,2.7913379089190733,2.6432718512696995,0.6266764881800864,2.1755744897717206,3.748133074567349,-1.3826174888040121,2.0977455692619755,4.799487598570911,2.215531840834292,3.399418859458764
2024-04-04,-4.920695856725853,4.17298744581714,2.786992774448415,2.636892187543182,0.674965993618019,2.1884160836782187,3.7322367702527908,-1.4141343496481187,2.0063330698591972,5.035573218800598,2.263901591161511,3.4078459404531456
2024-04-05,-4.853820206734184,4.142559578013543,2.7650151352085577,2.6466141661041442,0.6089291014759282,2.2174847047680206,3.755486766476823,-1.3403730181012208,2.0196659290657766,5.124038769011917,2.27559392237468,3.4249655225146887
2024-04-06,-4.902144278465202,4.152823238399391,2.7546731079811493,2.617039199696861,0.5485598737745052,2.215440604523354,3.7558224825858924,-1.357199013346852,2.0867133621964853,5.202228474981478,2.2789609681041183,3.4292338138854386
2024-04-07,-4.864661274706243,4.135458850625056,2.731113706625789,2.613782382966647,0.46354409013516507,2.195777624677308,3.690115313774812,-1.3335746112317817,2.0930340248152968,5.188117018611855,2.2454266791540967,3.428007059235395
2024-04-08,-4.9080249633032045,4.123680827085433,2.7110457100820082,2.721832051651705,0.5873512094029083,2.18221984279432,3.7223789033629693,-1.3552492758206445,2.116893440082616,5.129609165414026,2.2636132377619522,3.435788826431774
2024-04-09,-4.911214875014411,4.08599775123229,2.689328070939784,2.6404778062634233,0.5565396210874991,2.152287982482777,3.7534039799248697,-1.3579340004955927,2.06709250289236,5.165701544264934,2.2402845670469165,3.476759962372268
2024-04-10,-4.935722650881992,4.10414310404179,2.6961645938682293,2.747692718387241,0.5748188771845806,2.1475718115536235,3.7378647592733523,-1.3704737858212634,2.086208820809772,5.090918587368226,2.224209624465107,3.469819701865623
2024-04-11,-4.924981981716197,4.105067560869082,2.6552174495650016,2.693665196857676,0.5839878511143222,2.169390174127745,3.717094398630446,-1.3944249662118993,2.0947711624477052,5.099818855681523,2.261049621484177,3.50477377552648
2024-04-12,-4.94958757094074,4.159451167563624,2.7432841980116707,2.7477091635828055,0.6250199737213709,2.2022913663444714,3.7999779908130433,-1.3726015033338472,2.0597294626534914,5.060093518196212,2.2593302025613013,3.515141641011373
2024-04-13,-5.0299487172288915,4.181495374273844,2.7763694450796867,2.719556141288412,0.6325432350660203,2.165260902130827,3.8570896043691683,-1.3932436594130964,2.0004397188043095,5.150332033906583,2.280215972823564,3.4391166165244487
2024-04-14,-5.08028238317655,4.194841961591458,2.7695969473829587,2.791360636749517,0.6545081633899745,2.1503061822276677,3.7917691613743107,-1.3835767509428218,1.9779034882077857,5.158141431204845,2.2520162104747268,3.427411202449684
2024-04-15,-5.07229416557726,4.1794554233076395,2.74219364506789,2.8053977575432,0.6245282107412122,2.134105578602373,3.789988766816434,-1.407757290972466,1.9451190281819786,5.24712062474083,2.2807318111668993,3.437388206806842
2024-04-16,-5.047190643570357,4.179626683162958,2.7281194635399655,2.766527130861186,0.6303707744157734,2.124719153373689,3.8022172562716143,-1.3940713507593216,1.9120921922048513,5.21762127863697,2.251881431490408,3.4302242398495313
2024-04-17,-5.052105726983552,4.152388419219381,2.7294777259061265,2.7294221016737152,0.6228134892961512,2.114062423755355,3.821898867954131,-1.379265043473124,1.926543143433174,5.125494081275127,2.2308909062610622,3.4416774373861228
2024-04-18,-5.029264113929749,4.162828355721957,2.7351370361986125,2.7410108188638524,0.6417846544711712,2.1007410601874357,3.8288117562173727,-1.384816892247333,1.992907890723417,5.017403562218052,2.237631593309278,3.441525427049127
2024-04-19,-5.004710604738556,4.1719333865797825,2.744146216859083,2.7411884299710816,0.6370639943494119,2.1123134659346308,3.7839327174786312,-1.3778708246490834,1.9845261641051453,4.873274295703776,2.264042116227262,3.4453270311685196
2024-04-20,-4.978814427485176,4.140262180501577,2.737004691594864,2.7170638421910427,0.6294683090416968,2.1124210498663385,3.7868136368003924,-1.3890015367843813,1.9999912170013487,4.917879619872998,2.258035693923821,3.4427022549221005
2024-04-21,-4.97385932861308,4.136201099049696,2.7320915037007687,2.731246729672077,0.6366276988517487,2.108887053041737,3.799620228047043,-1.3912295963066215,1.9949428352291658,4.877496402098232,2.2678549143929123,3.44718973920724
2024-04-22,-4.986924814323848,4.155804346188488,2.7372146960663497,2.7270460673034815,0.6335320077405495,2.1157410028350734,3.650895396784153,-1.3972942460089801,1.9980654602592622,4.957141524258317,2.2725264743166473,3.4615416413669555
2024-04-23,-5.010635294096256,4.155508501979526,2.7130810829684866,2.5902829671034207,0.6372020244654693,2.1087269635716743,3.6642413109627396,-1.3937917721579771,2.0284744446235163,5.017295689511666,2.228951841950592,3.4257793544403223
2024-04-24,-5.020044240579766,4.142180847834383,2.7316146480294754,2.6229939563331692,0.6440185024634069,2.1434354696022386,3.667749956990638,-1.379299102070092,2.0352046122076564,5.01862351155947,2.2190214915161866,3.471968879737774
2024-04-25,-4.984534635581178,4.149197654841085,2.733294960399517,2.5983624796093086,0.6517315340957217,2.1265059231419987,3.6756610149676856,-1.3877102348717232,2.0312048529165505,5.016397546921609,2.256881775018403,3.4873453871325815
2024-04-26,-4.982150396087569,4.1556530115452786,2.738837141059316,2.626554762928963,0.6537645371982299,2.1414347629458055,3.7156789341596337,-1.3908207186700223,2.062583164531974,5.029968011913391,2.2768414368920435,3.5057559726579206
2024-04-27,-4.998513933563911,4.201655606027371,2.736922291196299,2.640577919755661,0.6684748764554753,2.1302580669250863,3.7162974307868133,-1.392136636744119,2.0675915017623403,5.019252495332873,2.3015652050933,3.4688175693371344
2024-04-28,-5.003929485229064,4.197690609659085,2.729792968362671,2.669443424323477,0.6518607777648764,2.161073879035804,3.7116909183885847,-1.3944603926660932,2.0752622653616672,5.0236364563116815,2.3263179351761387,3.4729098632017488
2024-04-29,-4.997618104200204,4.191622969851474,2.700522586062558,2.6938411565172826,0.6620919635491629,2.164132717921357,3.7026603995072085,-1.4030929236159613,2.089778837416108,5.017729015639875,2.324556334263683,3.504489644255923
2024-04-30,-5.001658573134697,4.165988348210912,2.6747916733384205,2.550258987574522,0.6610870402085542,2.17072175747022,3.699399330943514,-1.3830586940869392,2.1435340656346633,4.913624034576243,2.253902914354658,3.506557897319982
2024-05-01,-4.978872391337104,4.179024872642388,2.7227924828394134,2.4530559802218663,0.6750713898053398,2.1977064795664094,3.73575475036631,-1.3978923143017692,2.144187935427235,4.879180353374017,2.225246622149719,3.523343314011995
2024-05-02,-4.979146818067759,4.175463798511778,2.7184378294637876,2.502630050041126,0.6701373158343351,2.212396429479817,3.7571521154332403,-1.402166325954592,2.18017541819722,4.800024470364571,2.1863114915865167,3.5500248317380434
2024-05-03,-4.9500609930749,4.163317481793168,2.714319814115805,2.543130924631494,0.6513322151462175,2.2055761868256907,3.7211900529401167,-1.4005791179268057,2.1642315970678725,4.866243762675847,2.2141035166746446,3.5162785084906036
2024-05-04,-4.939589736291562,4.122685804104388,2.7105722705349193,2.5525672290762293,0.6459629733748442,2.1766124824635833,3.713580411288249,-1.4035781205077824,2.1574189721805554,4.875149774241924,2.1891548796906104,3.5045149956901813
2024-05-05,-4.945017953240586,4.116365060019841,2.7085468487409265,2.5574172735433764,0.6364208779298102,2.1869706477514965,3.706125906913591,-1.4391001504978918,2.1633936638768514,4.876630518582152,2.156622480141715,3.5017035188551833
2024-05-06,-4.977790936725616,4.1226402969231755,2.729962675880484,2.569869249417041,0.6144263501443246,2.1714186995010207,3.720395209546573,-1.4248962338549946,2.179965646587756,4.872136721128349,2.1588101028454405,3.5242574744193824
2024-05-07,-4.998750604124742,4.136481953045624,2.722260490604872,2.562523928454012,0.6232452262036372,2.1551507952005315,3.7224244503414687,-1.4159824234158362,2.182314178112765,4.7967445249394425,2.1352956172864217,3.5133146797828614
2024-05-08,-5.022469751743259,4.146017435281888,2.740157749144164,2.5453283007514207,0.6513838256156539,2.1548952525899496,3.6861658233851986,-1.4622289549077456,2.2248375435463053,4.751579752750766,2.113288961761599,3.5277182298004606
2024-05-09,-5.043620601232253,4.124448340522331,2.753352848806427,2.5459525221437125,0.6438593801523262,2.165316200141034,3.679235961573333,-1.4353107952303266,2.2195974151340883,4.780172481673691,2.1189456408761407,3.515585451448203
2024-05-10,-5.055403279848884,4.128186662632939,2.733173286079362,2.58071457715511,0.6573404965313252,2.170273956774752,3.6455588763027897,-1.4284478571754473,2.193283960666414,4.64109561425918,2.1389044983123924,3.53744838433932
2024-05-11,-5.0655872603794965,4.124350385183635,2.751365085788154,2.55461099442232,0.6644877398323896,2.1621528920286632,3.6537190234958645,-1.4588488900309873,2.203090064723193,4.6417975398291755,2.158469535922826,3.529438239279492
2024-05-12,-5.062628256170211,4.124906867804741,2.7409968579689656,2.5535493415467796,0.6798336518282095,2.1738973446712366,3.6637092121879036,-1.4702179477046449,2.2076056509536413,4.685081932522233,2.1721180036619048,3.5331100556637813
2024-05-13,-5.036216571980633,4.088163098990239,2.742974385338284,2.6100209863900714,0.694362304324919,2.1858508251317463,3.6601574952682885,-1.4885225779360884,2.2016082770195635,4.66408968989681,2.125106160675879,3.5592360169271684
2024-05-14,-5.020630833927935,4.105261073963451,2.720218492836773,2.5837055764187893,0.6958600976390215,2.1746729068561255,3.698256615926533,-1.4883346745156796,2.2292002738186865,4.747555296658081,2.12797565668643,3.552574134606689
2024-05-15,-5.0106352940962555,4.1180638876771525,2.744913754036037,2.5906895441789093,0.7016825996722773,2.1719413720267196,3.6871558430008364,-1.455068709096485,2.207094140455319,4.6860295506301615,2.1591207262916208,3.547327874882697
2024-05-16,-4.995700090089353,4.118407579538853,2.733828732430286,2.5886199168108295,0.705276221360529,2.206752583587874,3.708495517344625,-1.4521735819335628,2.2200114618157754,4.584042717958452,2.1738124603005184,3.5510096598908154
2024-05-17,-5.030586080515604,4.117576005746428,2.722717959407563,2.5888220784891463,0.722388518099518,2.210523317223728,3.7071688413480803,-1.4674056552678216,2.2070857061019997,4.612921328251078,2.1752334025603974,3.5400390159434325
2024-05-18,-5.042357486546412,4.118216494388322,2.712761927115988,2.590537107409944,0.7185992437636084,2.207074913189054,3.7044576476940607,-1.4702609840900445,2.1959953390869025,4.667525506798624,2.1810859623886474,3.5403322144385854
2024-05-19,-5.02525349460581,4.120201516058399,2.7075356654592655,2.5962403507631566,0.7106914902108548,2.2030894932470138,3.7089695431279743,-1.4707787568277564,2.223978940638424,4.709950697113417,2.1918526153343287,3.547344461628892
2024-05-20,-5.034389380104363,4.091380499288751,2.7259264751606227,2.6134428114034156,0.7016852095177968,2.2329495210253003,3.724688137269908,-1.4592895922756852,2.1472315710527705,4.7539464247545835,2.250832251507596,3.5432153881639965
2024-05-21,-5.082721020869211,4.103297564485846,2.770478274745235,2.624919583966265,0.6871355626076532,2.2348780218874826,3.7308589387543063,-1.4403615823901665,2.0304734549609886,4.802068935053083,2.246129199712729,3.5608805790591394
2024-05-22,-5.059386457466166,4.103975276568039,2.7749862725602146,2.6172492083391474,0.67116827384117,2.2221504973954387,3.7191822718166754,-1.4889441998408852,2.0362829542626573,4.848521768110974,2.2341044569603303,3.5484995284046597
2024-05-23,-5.117298741534499,4.092669987451768,2.7988012531178788,2.6181345796225113,0.6666438624997753,2.213386919598346,3.7215442520560282,-1.4324800962903634,1.9817635845516768,4.861009330661197,2.2856852253558273,3.5453736701964194
2024-05-24,-5.115495058616928,4.099298199889486,2.805018249616612,2.6283335781728354,0.6394111476759146,2.2266873161792473,3.7849712504554964,-1.2556340586100099,2.026295972993088,4.875736002914884,2.2766716075385336,3.5556450176905567
2024-05-25,-5.100015137765732,4.080027650553831,2.7780087897091206,2.6082336416617857,0.6301540662125196,2.2194056097441734,3.7504881356855697,-1.318923550004807,2.0303729423143966,4.873317211055962,2.2951147696288805,3.5547599991378593
2024-05-26,-5.109205893060608,4.079740817418575,2.770120375235287,2.5978031599525506,0.6073398165934683,2.2022480434055813,3.7530176074038977,-1.311539968794504,2.031504472498918,4.914667658247361,2.2982882759386225,3.544575964507503
2024-05-27,-5.067349520126299,4.080934433647185,2.7835448311258784,2.6058450382176455,0.6229429218866971,2.2062359520573014,3.724334939824417,-1.343680600452063,2.057889845783531,4.922046569326696,2.30836360024499,3.513318710505026
2024-05-28,-5.0507823621096675,4.070726754376239,2.8128415647810985,2.5611990339679824,0.6180752629966115,2.166309337243999,3.737537500314499,-1.3383366599107398,2.091018669780162,4.846676669386507,2.2774348593712705,3.4817043059784574
2024-05-29,-5.032302480114253,4.105748627807179,2.780635418159818,2.4240823849531603,0.6289131787686266,2.1571061269484053,3.7245112680237535,-1.3552273753762552,2.0777742791761966,4.809834745304722,2.274481804145384,3.501202580710568
2024-05-30,-5.086272708301876,4.092330243550975,2.762770778532471,2.519498094557619,0.6012339794862411,2.138541425599214,3.708366341787433,-1.4817808196801439,2.1157328237415522,4.848864229318252,2.2541715702151066,3.5202311992201913
2024-05-31,-5.07891106264821,4.095417802298114,2.7417612584445217,2.535129840249316,0.5830170357911579,2.099877779275617,3.699232457121773,-1.4532338437949999,2.100927799893349,4.866366969607844,2.266984305565405,3.539402254690622
2024-06-01,-5.297737824370123,4.089860845814861,2.769390181701566,2.552982247805832,0.5950104962551752,2.067667552505773,3.7338297374588985,-1.4702199961856128,2.1151690492663846,4.877720632721296,2.2878864862010375,3.5332818258596754
2024-06-02,-5.144682549512718,4.055420287451041,2.7704662649302945,2.5495011165464425,0.5747153058392269,2.082593596549703,3.68576968828964,-1.4087672169719492,2.1257656133540745,4.88110001735133,2.225773955442938,3.5439136838637504
2024-06-03,-5.091798701203462,3.991973452816902,2.7743120005221273,2.5701443844731493,0.5321535417727046,2.093142275506009,3.721143727506777,-1.3961451170334995,2.146675512351772,4.889406683950933,2.167673175074695,3.542571109156754
2024-06-04,-5.0968564695433844,4.09689589101837,2.7894548985806886,2.585417440720246,0.5594086270742737,2.1246447042156538,3.5972838296200607,-1.3867569314773796,2.22750027618072,4.864359831319067,2.172372564091968,3.539060758450389
2024-06-05,-5.061110815506516,4.10097942756824,2.702606529521033,2.588004175479683,0.5437325196605272,2.1235596061744855,3.6648658357329347,-1.4026318494729482,2.1838923787744644,4.892199286215112,2.1893961248235767,3.5111061788841553
2024-06-06,-5.022295444613656,4.173327460175379,2.74867759712026,2.5907552725387024,0.5532643606134728,2.124356869791091,3.679910784131176,-1.4267605108863717,2.2466861648207646,4.926349897370509,2.178362885056641,3.4976914681143407
2024-06-07,-5.008229381267049,4.184446298566698,2.7470310629621424,2.5885446866775856,0.5752099887430662,2.1251602260352205,3.707976400199528,-1.4064830036408926,2.23484113145376,4.96739761504161,2.181975200331509,3.4710245885512396
2024-06-08,-4.984997493423354,4.174189315272635,2.745491382681609,2.5772001078806444,0.5740813314828921,2.1433111230619355,3.7092424333413834,-1.418678489902213,2.2754174333253134,4.99916856678716,2.198811812956195,3.502755611370243
2024-06-09,-4.970608317505778,4.179518056959949,2.7388717811428105,2.5590623802030574,0.5815400324736524,2.146836543319492,3.707818544289367,-1.4336542342778424,2.2793139877430164,4.966941851648945,2.1954998017454024,3.497689694509657
2024-06-10,-4.985479096128335,4.160594998473739,2.739852044263082,2.5757298015495063,0.5962568055361028,2.161214139813186,3.707524891680716,-1.470696170889183,2.2937730768848725,4.99652997096579,2.1942102570432964,3.507030152346468
2024-06-11,-4.986824645402537,4.15289899333739,2.7485181506550562,2.5600407892970343,0.607436427776465,2.124175685603692,3.7084985605978504,-1.478116058546838,2.271382094393932,5.037299903630925,2.1596932576099594,3.524309842778432
2024-06-12,-5.006387363398759,4.170212323655315,2.753480892010648,2.5636240711669465,0.6253159333653984,2.1510452366910426,3.700162036099374,-1.4789083565180996,2.2285956028489693,4.964526920422806,2.1658101381181636,3.5098825263618596
2024-06-13,-5.03551930292275,4.166548374372424,2.730067312944297,2.562370952018024,0.6236829652926337,2.12106294239809,3.7311876535725177,-1.44343024609473,2.1464158416295396,4.977096555372455,2.1674050828448164,3.520982419989212
2024-06-14,-5.003791811442581,4.17070535710283,2.7313457637057326,2.5572085615434057,0.6541000257877998,2.091404707738111,3.727276235239434,-1.4212694728022712,2.1669016273199144,5.013943551742429,2.1761241988328193,3.5101708044757527
2024-06-15,-5.001538415249425,4.158737014543815,2.759528835125172,2.5738156659098648,0.6590067746485184,2.1157156885854373,3.7484276926288653,-1.4298108672064176,2.1745581571395425,5.01892944348638,2.1724424632690136,3.510594229742442
2024-06-16,-4.993613606526825,4.141931566983036,2.7618297767499067,2.5839253104180924,0.6397897196880751,2.104531455406075,3.7378931569005953,-1.468846480398853,2.191350061109734,4.993385702804076,2.1468130891629977,3.504012719056231
2024-06-17,-5.032614200815031,4.139773832485296,2.738248448251409,2.640360776611117,0.5726458725676928,2.104782766400068,3.740008737432908,-1.4670457860449202,2.138797222891262,5.055470326275926,2.173130602557318,3.5351469801894764
2024-06-18,-5.0964176470597575,4.130932712280796,2.7595919559237156,2.599079906356657,0.6062279524830236,2.0918256008795573,3.7429093181001054,-1.477889877507125,2.118066592418348,5.0931231480880905,2.2028512847902757,3.493407677933104
2024-06-19,-5.122718524148959,4.142710765642682,2.75391123813006,2.5842344017233603,0.6317024721505509,2.160522776665227,3.766787817254616,-1.4538987247066046,2.114682396065024,5.096952306979755,2.2486239894083817,3.500716759216947
2024-06-20,-5.0957259680670965,4.1399066509391025,2.7385565455230942,2.578831291670002,0.6150063722909604,2.170614950081421,3.7483105396519596,-1.4045671026758608,2.136643087784882,5.109736622283066,2.242078835384413,3.506557897319982
2024-06-21,-5.086142846604401,4.142082048711986,2.7451471867101267,2.5441260094479716,0.6188316436122412,2.169133194785082,3.7611921157255623,-1.4095922733447126,2.146078991511255,5.00691963518168,2.268318402146493,3.506557897319982
2024-06-22,-5.087535914097052,4.15515136143585,2.7435328894631184,2.5597823373742954,0.6279108083647233,2.1393040141984625,3.7797803027881227,-1.3608784946926902,2.176727921809399,5.09404575064007,2.270741606452092,3.49961342496717
2024-06-23,-5.054155457473984,4.158976231294184,2.7450210725572486,2.5774210606328545,0.627479778775679,2.1667190294618286,3.7882967126656464,-1.3790830902825357,2.166028312325236,5.105135367616817,2.28181959627281,3.4988358512260715
2024-06-24,-5.046774340712129,4.166995903470222,2.75770337856914,2.56107377077384,0.6595616961442754,2.158019298306242,3.8280298582236103,-1.4073075507187072,2.175374312799393,5.050287355251723,2.2673218898567535,3.4960865974526856
2024-06-25,-5.042871393112594,4.16302959932152,2.751294747054632,2.5671930514128,0.6633127739008613,2.1526845034475537,3.864898313180316,-1.4062926749269056,2.168757663228156,5.0650437606576,2.2638205495438015,3.4837128147133574
2024-06-26,-5.05978266491353,4.1597228796319685,2.731023952797674,2.568678046297763,0.6668963041830731,2.1210768750005196,3.8594252488475624,-1.4238168004429803,2.1768116911804625,5.065318369615978,2.2768155798149943,3.481370532625656
2024-06-27,-5.087953541880226,4.160107823255568,2.719088948417032,2.5633970531282104,0.662796020655567,2.1205302384286355,3.8730957589558273,-1.4107546586900512,2.145311037384519,5.04277475887809,2.2528043393429176,3.4847632374925617
2024-06-28,-5.074148699818582,4.15515136143585,2.706677517290238,2.5650466006181265,0.6475734874813477,2.12244813564893,3.878334277453579,-1.4160822518765115,2.1568539292338236,5.11871261494142,2.247125337622678,3.516831960296167
2024-06-29,-5.073088308742806,4.147564757970469,2.702778707608698,2.560432921176008,0.6696045074050518,2.140719269285418,3.888074500138665,-1.4393735851402765,2.1713928827226954,5.117406784919264,2.246676225266553,3.498930990299081
2024-06-30,-5.0965777238969805,4.157197160413607,2.6785632212895347,2.5677733641444918,0.6724470722143547,2.134183029184385,3.8474017884046483,-1.4314219420902587,2.156248852828819,5.092966274106408,2.2394573409594924,3.480375411374338
2024-07-01,-5.089926027802788,4.147970828988344,2.6713862167306184,2.5766418140719956,0.6611364454237223,2.132590139958693,3.848118920387112,-1.4316908568738862,2.155269845199854,5.079321412837456,2.2661098814590055,3.515844092896151
2024-07-02,-5.063069861942646,4.159125536991603,2.649219594282151,2.59251514127718,0.6722422198800491,2.1313918939879346,3.867039724574858,-1.4232378763115747,2.1676411282448216,5.016809531752152,2.253986573133364,3.49746692561873
2024-07-03,-5.054487176625106,4.153013550367416,2.638759976059693,2.5706296816783936,0.6959417794909613,2.149677421406384,3.8595401301586687,-1.416345005319446,2.1739424903557767,5.123603683957099,2.224448647552895,3.5018072945613836
2024-07-04,-5.077646004379216,4.162331446377535,2.6437193427210692,2.5610281542370186,0.6700264550089794,2.1303012616336026,3.8950986807579926,-1.4577223149462069,2.1835591621416626,5.169083671286305,2.2500191097283073,3.4919977459886518
2024-07-05,-5.075438050933607,4.162537753538488,2.6873626615020827,2.544974587395155,0.6581961922951773,2.086367431162336,3.8598152851889562,-1.419004727425419,2.2316976719074635,5.132454193688626,2.1834922994555988,3.471682568005969
2024-07-06,-5.066345901110262,4.177407932925325,2.736723223112043,2.531120679380492,0.6637890779996853,2.07282143659023,3.8222844419580473,-1.4464461217798128,2.2459802593415477,5.132494305631954,2.1948680095819917,3.5027191210128166
2024-07-07,-5.052515791341243,4.167972630347416,2.726217505057659,2.522475647206331,0.6671056012027528,2.0815824456415224,3.8391293833741043,-1.4588132864759582,2.2229798989997906,5.102084992512125,2.177267973598131,3.5243665871511283
2024-07-08,-5.052706508016943,4.168331512954883,2.7339835831287154,2.5349495487380675,0.6876826860878664,2.092194268862541,3.8484299916256615,-1.4629948498835181,2.1922290841396217,5.0697064574684205,2.1786366815681286,3.5409983873002737
2024-07-09,-5.067865621927102,4.151150446132622,2.7479702468774523,2.5383693406177605,0.7000676234045193,2.107652262166356,3.8523428558467203,-1.4616163676584897,2.178720711760705,5.059472306972332,2.203163628791114,3.532432562026328
2024-07-10,-5.0636780300807365,4.169817462294176,2.757390175221885,2.530432712309127,0.7289482440301005,2.0764695558744366,3.844803494048265,-1.4507280109868503,2.2089394117043897,5.096009697012058,2.1990444140532053,3.503376221075666
2024-07-11,-5.063767790263423,4.175460871334796,2.7769890024601906,2.5396835321284104,0.7027969302873447,2.0882463042692425,3.8536239698593064,-1.4430077229767804,2.1912061872982367,5.159531108640207,2.2183122404637055,3.5162385150307056
2024-07-12,-5.018070272583774,4.1774734225183305,2.775853304453573,2.5510795807813924,0.7042816031766104,2.105091446860957,3.862595912455417,-1.4430162162825386,2.1959226633390205,5.202620183634229,2.2321697461605514,3.509743627953113
2024-07-13,-5.017340592001918,4.194532247158874,2.7426141225572858,2.5511553373100746,0.687026794232622,2.1198258036476867,3.8737239098134113,-1.4343548645491788,2.215172037405313,5.228545248193002,2.214684958724762,3.508998411038938
2024-07-14,-5.028148876588964,4.145120302901902,2.7369330752509953,2.5672205669749726,0.6599876438260635,2.0911941830044363,3.8604174250051932,-1.4192557546733355,2.1764689057246565,5.171740332071887,2.257968027505239,3.558826325865738
2024-07-15,-5.012320214461175,4.153734729471225,2.731196230995173,2.5780578840372077,0.6675079729251554,2.0580639620941388,3.8392453795287,-1.4494114179100843,2.1544131960522095,5.084712486719901,2.2703324894029926,3.5322662540301883
2024-07-16,-4.9671621488174,4.1458583273155,2.714538186981917,2.574389724837398,0.6745246684619435,2.035230175622996,3.86374756025331,-1.5158566195369088,2.169231441282987,5.057085095781826,2.248379595475261,3.5257242111935967
2024-07-17,-4.9327168570038005,4.018755312933164,2.766208076853604,2.610459596802415,0.6835222296521233,1.9975463789743455,3.882634262262295,-1.5134533479801862,2.1539493864720476,5.0524160814448225,2.2658837261436178,3.5416095353789006
2024-07-18,-4.954059121903032,4.078080672367534,2.758009272476624,2.6200928698693065,0.6905386454493565,1.9825398416380702,3.918917070053787,-1.5007187741275008,2.157854835662329,5.046297286490054,2.2876016042048097,3.5289533208285118
2024-07-19,-4.935957358974696,4.084319226681105,2.7803947635410724,2.606618963584274,0.6968666641209587,2.01136016191834,3.8952411680327645,-1.4825426901587402,2.130870589095813,4.957560064960623,2.257712161118011,3.5304147846645964
2024-07-20,-4.993281279403104,4.098927914072004,2.712260733638553,2.5955029075950415,0.6906141594842152,2.0328652371704243,3.9207213430089354,-1.4861307535854373,2.0923180687691723,4.958920676177247,2.228401256940124,3.525932984445539
2024-07-21,-5.0084754660428255,4.107767582554241,2.7199188247847603,2.589718324560108,0.6620994172913897,1.982014251496465,3.8884219501708537,-1.4763784339854769,2.1045694341759473,4.92685873099069,2.185847535739215,3.5126168527877177
2024-07-22,-4.999034235913493,4.088228170405733,2.7121070017978237,2.593922012180779,0.7242442136493983,2.021503704573617,3.9080896229566604,-1.4738137391364474,2.12403460082358,4.971886631422219,2.1526239770198585,3.512301738499233
2024-07-23,-5.079023021843106,4.097161897660706,2.7354491752903245,2.5739901021136857,0.6913550653849636,2.033948005039109,3.933558237957693,-1.4693097942381472,2.1447585758968204,4.99863471567264,2.13805912405277,3.5357655810151183
2024-07-24,-5.136887168785458,4.098078409140138,2.6956819095681874,2.590652002856772,0.7088322516217325,2.1338486507903975,3.9267625546437923,-1.4715551809189578,2.1765542455051543,4.882822910904164,2.1302384349651105,3.5571353720635095
2024-07-25,-5.181115017279262,4.105437379275044,2.68597424940301,2.55350535036198,0.7190645688559918,2.0827857098593863,3.8847640330402835,-1.4583096481043096,2.156817060126203,4.926469342521463,2.1422334588386565,3.5283373425840217
2024-07-26,-5.15686058410793,4.110175738354641,2.710166604008587,2.563628746081481,0.7408403117598878,2.124593886301312,3.8560387901635576,-1.390877652221174,2.1556783456156943,4.762491226508758,2.175985374588267,3.513502369672793
2024-07-27,-5.113247611528365,4.1374130942766225,2.7107955700194033,2.590683459698407,0.7668570419250358,2.074012518549335,3.849755454200496,-1.3732412388753112,2.1133350121229677,4.834527558070811,2.172682726305349,3.514057211381877
2024-07-28,-5.010057426411871,4.151272383250538,2.7123698622467263,2.58545857471181,0.7744038308098475,2.0801712911649086,3.848331790975203,-1.3747985759668004,2.104419012603395,4.895376267904734,2.214984087738434,3.497162643242339
2024-07-29,-5.0251241015974735,4.144098949494516,2.7557630598208878,2.6182901443869,0.750617854884448,2.0790801612024943,3.8007187170259114,-1.4017213901387466,2.12066425750379,4.944618656039332,2.218346073958331,3.5094708035451054
2024-07-30,-4.998701978261242,4.17909673345195,2.7202657888703348,2.6302999758998684,0.7327512901622943,2.1337313372188267,3.8185608786470118,-1.3850309370731186,2.040907877677593,4.938579378378293,2.2164448873468756,3.5248528897391465
2024-07-31,-4.983606621708336,4.174719735128377,2.721875306094052,2.6090890238530866,0.7211721237466415,2.199996272078579,3.753290728897902,-1.388128983571314,2.1018009661180774,4.933541353763973,2.2067230977028127,3.5770220785377758
2024-08-01,-4.994573271947944,4.1639786648948585,2.7257225780492877,2.621350260504215,0.7170623918002592,2.2467248789804115,3.8017462503544044,-1.4178015843655984,1.929956371856815,4.951150871254027,2.222372090426106,3.5286990231971953
2024-08-02,-4.947920982047238,4.189175467583794,2.718825274270168,2.604129370288748,0.7251199500660812,2.144421661411468,3.8105367538081216,-1.4242551233591134,1.9776971745176557,4.9668223670413045,2.223051939471662,3.5457786104732634
2024-08-03,-4.99247278974532,4.160072980195397,2.678961977038801,2.591333669698664,0.7353590293692545,2.109164643132042,3.8379571265066588,-1.469964642299862,2.038679411268072,5.025386007799259,2.252149704538536,3.5512235146231665
2024-08-04,-4.983575274237292,4.141849584511807,2.6829442799711334,2.6286343104078376,0.7450171999892277,2.1033934078966063,3.842039557093684,-1.4497086073493102,2.032616980108863,4.961019408664034,2.228255415928652,3.5514279420443104
2024-08-05,-5.147230920114293,4.146420117383062,2.66875241368784,2.6155763835086714,0.8004491751246587,2.1137104328017,3.803696549612418,-1.4644817806916808,2.1580447380665757,4.950586700948897,2.2399761921170174,3.584418219092254
2024-08-06,-5.084985573011522,4.177458765945157,2.6669229096783464,2.6099883217640576,0.7806947389366394,2.1081807182939682,3.8093566237135916,-1.4801871062432421,2.1584645875267245,4.90997080437421,2.2525347826291706,3.561028653562038
2024-08-07,-5.025673171460796,4.162402183263817,2.6435728963339153,2.6115182740475626,0.7931110290456176,2.075598248977025,3.8166289066056245,-1.483578875227933,2.222646481505478,4.893738920642295,2.2100725408130537,3.5680684446367406
2024-08-08,-5.049796924799962,4.2272292637268665,2.6351983527162144,2.6025251814125525,0.7869900086703205,2.094212011686493,3.785756544527872,-1.4607487896062576,2.2231060831933838,4.840966043580706,2.2266669389888114,3.5476930100733925
2024-08-09,-5.0161104739843445,4.24214184133726,2.6474792029016285,2.591465847039757,0.8090671079768603,2.0836380603918467,3.7973094907496407,-1.4410422249429884,2.2528412679954766,4.821966103516029,2.18009728127457,3.5385094971265842
2024-08-10,-5.021233425088079,4.2173824379410805,2.6442354502826806,2.556542137852753,0.7911601245873772,2.1008028298655486,3.8050526637659603,-1.519585955174062,2.268980762304354,4.891265098136931,2.177555953390324,3.534318180973581
2024-08-11,-5.03620369724537,4.259061232876659,2.640598458797186,2.5597852417023335,0.7685298501456677,2.0833887154701882,3.7919491641186918,-1.4752852088234523,2.2540698681105873,4.911212246728772,2.15838193602109,3.5541684999350283
2024-08-12,-5.046325660896168,4.249463452549394,2.674103807382621,2.5577553419076806,0.7467032850289073,2.1050370888687997,3.7973154521271146,-1.4578086553405785,2.250198504036953,4.944902376964311,2.181387818141843,3.5798456930898137
2024-08-13,-5.0335195879298436,4.249559638105146,2.6546868582308134,2.5695747333796564,0.763537375862152,2.081450727200736,3.807328289152398,-1.4332282929069908,2.269341849490198,4.941170178330756,2.189451231858844,3.5896244960185952
2024-08-14,-5.014567662513977,4.237555302011025,2.6497467052637864,2.6444924744867615,0.7553256196849882,2.087769702723645,3.7902691715249235,-1.4492081865304598,2.2660637563614836,4.91796269895345,2.196403406001209,3.615504351175867
2024-08-15,-5.029955508654038,4.245319960726234,2.634631266390481,2.613515579023965,0.796818881985887,2.1023638590499973,3.804159055675769,-1.4611389453824468,2.29636616747839,4.968111244850174,2.2146019660841216,3.607610504717156
2024-08-16,-4.991233588926324,4.214667950556639,2.6334583189463032,2.619651522472168,0.773216944876566,2.1002252952843543,3.8505961046904473,-1.4651692784383032,2.2641493630288556,4.975810463293891,2.2544033210774317,3.6245940014327327
2024-08-17,-5.034692862468257,4.135654195119406,2.63241278689659,2.586510788611351,0.7445246890197175,2.082824367683456,3.8014922445320973,-1.45732044238894,2.2359454154478495,4.962826151021991,2.2658058414907494,3.62159470730834
2024-08-18,-4.965550553342034,3.9239954721563657,2.6529657596613907,2.5787810377302587,0.7365320728803999,2.06161280750328,3.564742166604291,-1.41836895156706,2.231598456662284,4.980538477639033,2.21574897912618,3.6056770873070434
2024-08-19,-5.009850672635838,4.002920712303147,2.630179655583241,2.590438559738816,0.7302597621317193,2.0448066777784915,3.6881216108306516,-1.3949524238630053,2.232386035056181,4.964132781845912,2.200738523368697,3.576427577280468
2024-08-20,-5.005050915802355,3.9833891079949613,2.6431509546253222,2.596610034315999,0.706969203391145,2.0620119065445524,3.633369627070716,-1.4146738104097958,2.2734267910930557,4.940490984526995,2.1851528282400294,3.573951815053957
2024-08-21,-4.998383992315735,4.0326798849306185,2.6567569067146595,2.629994578036805,0.6630206570201023,2.056188691479244,3.6584455921981904,-1.3812460950163357,2.272105447761985,4.991014590951682,2.2323587365824995,3.5825097391312366
2024-08-22,-5.041154968384708,3.978371072411221,2.66554228363589,2.6357572583977538,0.6387072838483943,2.047835587116674,3.6858313455608247,-1.43262337302963,2.269291364894582,4.961676092266067,2.200541285871184,3.582077852082857
2024-08-23,-5.018105617461421,3.968015155108006,2.6994471931143025,2.634668193636497,0.5850194129407134,2.0306670160719693,3.634697478842478,-1.4132116687323735,2.2700509693996196,4.9088075217150635,2.231201918166509,3.5800654491614603
2024-08-24,-4.999168052080799,4.011002159349611,2.6990395075894993,2.6255718614338286,0.5613564324132068,2.0176392238298453,3.659453110254797,-1.4196352999667505,2.260384738503669,4.881677530871583,2.2281448497644845,3.5653074013921726
2024-08-25,-4.981159475963302,4.027906769127892,2.7179241156612033,2.6527583080030235,0.5921865742247281,2.0066457485538316,3.653439630015801,-1.5072964165176619,2.2644156199229215,4.88145930598905,2.215673489937771,3.5440821725851257
2024-08-26,-4.994634952749815,4.0522997861922,2.7092191083071917,2.6357668390376947,0.5678556101993542,2.0206449986669535,3.682078067623306,-1.4339488068253954,2.2838714333103463,4.893651751486894,2.26230507798748,3.584136889966582
2024-08-27,-4.9836397897542435,3.991052535123342,2.6904808012610264,2.656037855830804,0.6117675742915671,2.016415152248361,3.7079669164411975,-1.4458084886522982,2.2745371341026073,4.895811770991798,2.2343412420537514,3.5819722736518766
2024-08-28,-4.984789753765558,4.037678932253978,2.712208211250873,2.6363286246664366,0.609220692686399,1.9882102254503322,3.7093727426399408,-1.3565575583712592,2.287317620863257,4.914201283888963,2.234521976167793,3.599105365215815
2024-08-29,-4.994951935080704,4.07669962703338,2.675399431328181,2.6442443701915797,0.6141727453003258,2.0158980905054156,3.72341937159489,-1.4076414076776957,2.308290338263367,4.9200501270060615,2.2335334429259923,3.5727506785535788
2024-08-30,-5.006511576912393,4.083136550638864,2.6592600369327783,2.664100880970418,0.5864563552887807,2.0264805738847076,3.759653653220421,-1.358689095028002,2.3022675822753915,4.980308804720173,2.245694354878724,3.579978820322665
2024-08-31,-5.006428304298626,4.104582550543783,2.652728335069563,2.6461031830767836,0.606836102572728,2.0642946313672654,3.7619605664995373,-1.3623069174466889,2.2902070847921334,4.982831911006642,2.2320630087535047,3.5875269598536494
2024-09-01,-5.033912978965601,4.104991201015156,2.6506516623961778,2.6334766429520617,0.6294021213381602,2.0633594335946155,3.749667903805628,-1.338343067614897,2.2756623559810407,5.00932335688106,2.2231286377189505,3.5670907465488244
2024-09-02,-5.051457288616511,4.081865325551663,2.6945217381746778,2.6234916065111684,0.6153858192530479,2.0853141308146603,3.736912523693795,-1.3240318220227665,2.250438304151638,4.993912419466769,2.204538371836352,3.5576665365505122
2024-09-03,-5.023514956959917,4.0714558103818215,2.676432447114654,2.634081320679709,0.6109311041466015,1.9959341636847792,3.7284654239810715,-1.3842088546288691,2.233892879487781,4.991206304029366,2.2302644314144198,3.5417543419670907
2024-09-04,-5.08564865336479,4.090505785914935,2.699535697500859,2.602065167588591,0.608527458662754,2.032365761609369,3.7175924670643306,-1.3740813567436567,2.23840778596475,4.978770542140957,2.2723289853115913,3.5431384206827197
2024-09-05,-5.063557695550598,4.095539305494444,2.7117266758315184,2.6240239096749343,0.5940401653858052,2.069174280203857,3.720795888083333,-1.3859905482662702,2.2527794383470496,5.044125072183245,2.2566748889248855,3.5684486855351123
2024-09-06,-5.088021957711676,4.079885145336542,2.7157277820012444,2.6142987996193723,0.6306634917032765,2.0625748782107363,3.7283531516460195,-1.4050042774424067,2.250301654954784,5.029452892563005,2.2471465558550063,3.5921716500429737
2024-09-07,-5.072699004000757,3.98336505044606,2.7155974067375928,2.6026896854443837,0.6395702974099091,2.0622030674179563,3.7308777809660505,-1.4226620052907657,2.255513478519748,5.041269589228634,2.250144396949425,3.5894366304273335
2024-09-08,-5.108905515529058,4.0356391362563215,2.7117065123053203,2.612157173654408,0.6309934394421179,2.038163819279346,3.733707925986687,-1.4300656941773797,2.2610118149959053,5.014478231278749,2.23170993614718,3.620442292560708
2024-09-09,-5.0576238035321746,4.075284463268929,2.725262329983332,2.611390398282386,0.6383940595212461,2.0482449437966026,3.730153046977404,-1.4479203420071958,2.2522743050759857,5.053356912176689,2.2390431765302963,3.6142500299944027
2024-09-10,-5.045903432933714,4.0777115096872,2.699553973273125,2.599055114239093,0.62206662564251,2.0230227728440218,3.7378001475666114,-1.552632518684661,2.268153894601953,5.103430947325012,2.2601620999293797,3.601595448987395
2024-09-11,-5.085722099070085,4.055766151101307,2.7111116511207003,2.58059313801122,0.6008066186986412,2.053409702961889,3.7526884045203976,-1.542712813397451,2.2598186148356567,5.17757754416671,2.2617748115731353,3.613957149667656
2024-09-12,-5.061928588483807,4.066561046594908,2.726538122644823,2.5792658256292977,0.6122054688276584,2.0449189164825303,3.7731103200042426,-1.592381510805946,2.2425763209297407,5.115515069404699,2.2297611854675097,3.6129518522076003
2024-09-13,-5.062093591371731,4.055940583085816,2.710902107700078,2.5910755729272013,0.6240229050205057,2.022987211156489,3.7751100807129836,-1.545072536479197,2.251417553133824,5.089362881235557,2.26597758725641,3.6006147374701496
2024-09-14,-5.0652394281311075,4.114360910985223,2.7566034265192014,2.599744807108209,0.6182777408338809,2.035690032006708,3.7843563144753603,-1.5439517657563586,2.236058104309248,5.091864264225942,2.2706256206490876,3.5917454547269143
2024-09-15,-5.091303197163711,4.082577995018464,2.705902895145062,2.5938525966515207,0.5902290635476959,2.0402208285265546,3.7936041415598556,-1.4931194182437926,2.241318541476046,5.093834671315137,2.2872343132164,3.590361421761645
2024-09-16,-5.117675071273801,4.086456969503792,2.7204178499108718,2.6176205618212123,0.6461570560078309,2.05139741545797,3.8177765962333776,-1.4835346294496135,2.265007937076503,5.103936708727498,2.271941612458447,3.584538566380288
2024-09-17,-5.074189078571288,4.108244899176092,2.738664836921817,2.610066249789912,0.6556790467597406,2.044399207921731,3.8188764068506975,-1.4445096657489058,2.2419026704936202,5.044285386842146,2.2959686121799403,3.573918599886097
2024-09-18,-5.0406334899816505,4.091531620845486,2.7141071548104003,2.6125036146773986,0.6181101281288006,2.0192084364357914,3.7752691357540664,-1.4374072840805612,2.296546427300879,5.049747078054018,2.286532062526579,3.5684187976696617
2024-09-19,-5.057155309731148,4.140948245862398,2.7096139230783924,2.601594395082969,0.6649763035932492,2.0094696533941123,3.707199144807076,-1.4600119370164582,2.4097725102789664,5.037851611709482,2.271182744107515,3.573724540863822
2024-09-20,-5.0500378419622844,4.129150825918093,2.728344020442024,2.5733902652611933,0.6193740859000043,1.9840371600008242,3.5344508829611527,-1.4530383289059186,2.3860471353543757,4.984941759673627,2.313516942041092,3.5615568513220595
2024-09-21,-5.050517880374575,4.144875795490645,2.7420498593216767,2.5643125174244465,0.6452534754375505,2.0050445243367037,3.5642662794758286,-1.439095599185255,2.3623438167078556,5.02108860459283,2.307672268181226,3.5256789387667604
2024-09-22,-5.040772388516495,4.164736150409034,2.7405096820183257,2.576107210444569,0.6352882412973033,2.02077962903125,3.515099692920895,-1.456588468964814,2.3633604900467713,5.071995738355243,2.278180217988983,3.5440746367049156
2024-09-23,-5.012921009377112,4.169951121363772,2.7201370883857923,2.5805787998575624,0.6025353278948213,2.021686178309732,3.548319478684057,-1.4245323748742207,2.3615702480150613,5.023773997209927,2.2803881372678925,3.523267797689854
2024-09-24,-5.005401637290146,4.132572970089228,2.709804895358359,2.5892864948983174,0.6073821707922753,2.0322294116077937,3.5271785300854215,-1.434931397657142,2.3078138630768446,4.975086795151563,2.3104827049417724,3.498337806772634
2024-09-25,-4.989921089708693,4.150091547878166,2.724615217976905,2.5819063729246654,0.6023655838051847,2.0533840073605463,3.582606244149589,-1.4499692497657481,2.319633987561118,5.006447902476525,2.32515390695361,3.5135665274744587
2024-09-26,-5.011374119397688,4.158140425147419,2.7132504208293176,2.576792611769327,0.6141490446577296,2.0574346750555637,3.6454830985416256,-1.4221404928930266,2.2984571201560153,4.976557446288112,2.2974654772571,3.5059385104931193
2024-09-27,-5.019991245753816,4.128070479881644,2.7329087199559234,2.6035704718940065,0.6135025137539569,2.0670780936605024,3.643770431445871,-1.462519359551432,2.1736777315085516,4.96820468696655,2.2993345677265977,3.483498623171233
2024-09-28,-5.032221543501652,4.131161609120033,2.734736934693842,2.607840352081892,0.6238156042249738,2.0629175536625572,3.7007501145477626,-1.4724235148498295,2.2276373477083795,4.956394687217448,2.331919731571581,3.4997149468230773
2024-09-29,-4.949133094338462,4.135250792095984,2.691822664480454,2.6047685943144128,0.6498547601079678,2.028779340698787,3.7111555635557756,-1.5519955251869701,2.2005454283627612,4.950645251524993,2.2956876937858905,3.5152536042875355
2024-09-30,-5.007544101526583,4.145180295402858,2.6958481639620038,2.6435896580528357,0.6352274999353638,2.0410169012765698,3.696604270409891,-1.5152506973743993,2.2109280003284146,4.994441323436276,2.2908743251480823,3.535507287366092
2024-10-01,-5.113311244383413,4.127616228687847,2.6844238475528357,2.6307169976990394,0.6969695903889312,2.043084518914279,3.7048736039124597,-1.542302051694362,2.230125184738709,5.01971806615963,2.2511323499441973,3.535090503355552
2024-10-02,-5.1616063210061345,4.124346466031616,2.6984568011451993,2.6444253755292477,0.659549395593769,2.065948083576921,3.6757436904476,-1.5241904265405852,2.2130981769621716,5.034930582210565,2.2305939864314084,3.53264633340428
2024-10-03,-5.1808893814900925,4.146081728959253,2.6822067802036322,2.631101179846965,0.6490524682190926,2.052604887726276,3.653564661332539,-1.5122846028841588,2.188531799145213,5.08160333536805,2.2606208938950134,3.53264633340428
2024-10-04,-5.155938060845176,4.1507871198163135,2.7064385972078684,2.619543094534488,0.654700583304662,2.0466042816518364,3.6739052381659807,-1.524029528039927,2.1828847647599825,5.061915616338245,2.2515364328435568,3.515014607338205
2024-10-05,-5.199143348747709,4.1331127462032065,2.69126372709471,2.6151322066942684,0.6872184523269695,2.0449874154288823,3.6594810699729634,-1.5360478832158622,2.19867753799866,5.066333513501999,2.261560952841614,3.5100952197208324
2024-10-06,-5.206111172681303,4.144675344711383,2.6947218971734426,2.6037012715765053,0.6851678563588746,2.006589218814991,3.6398859841922846,-1.5098806312110151,2.2044454585499427,5.0436132378538066,2.247789901075163,3.4905464170770704
2024-10-07,-5.181518098801786,4.13901076987305,2.7243485828353293,2.626642852436675,0.6758992296378126,1.9827441410003788,3.6560171751965203,-1.5239938473843853,2.212495721219664,5.0932241373165095,2.2768704565400943,3.4882861310840263
2024-10-08,-5.146107806709123,4.159411403250319,2.7334273193086336,2.5998366164619773,0.6554929889309995,1.9253761533362748,3.6652139908918366,-1.495934029299102,2.225949384625723,5.134996059050724,2.2491755157378766,3.490308864428902
2024-10-09,-5.18291568939072,4.160420688710195,2.7035631448281485,2.587807421048584,0.6764592056029524,2.024982161972528,3.6771269240905924,-1.4837586146554915,2.279366802892038,5.126876285351628,2.2623334300753304,3.4848650727087223
2024-10-10,-5.172075474837856,4.156499042199586,2.6829578283626017,2.633835692006703,0.6720227336086055,1.9807237296619098,3.671189179126722,-1.4871851032117684,2.2679942656991465,5.146874955683456,2.2865533869705015,3.500814880817364
2024-10-11,-5.17828243996095,4.14946386144318,2.6844084380451694,2.6295028001066494,0.6695575599468331,2.0045250729181836,3.644304647431633,-1.455960007035131,2.265512127769141,5.144512118174654,2.274996668934358,3.4891661546081125
2024-10-12,-5.154348592865897,4.134380702085017,2.7235837583702427,2.635000464630913,0.6608796161759187,2.0143596899122187,3.655456469739711,-1.4602964134124803,2.255137597099594,5.1270270746941895,2.2472714550099933,3.4714665775087115
2024-10-13,-5.15356819752325,4.148396207289699,2.7076683030643434,2.6317311711726443,0.6762838445687127,2.007353035318511,3.6416247236385697,-1.4428780103922092,2.2429082977101613,5.08664947422974,2.2258278527451565,3.4616763573058478
2024-10-14,-5.124077622223996,4.141127826258855,2.699058951894594,2.6403843883808564,0.6903266830887738,2.010311806402818,3.6601047219905603,-1.4469852981324767,2.224554070892032,5.069827797155465,2.261814712709008,3.46354762944606
2024-10-15,-5.134496824313166,4.123586142056721,2.7291649280178163,2.6179041395701557,0.6919167477025423,2.004934977877975,3.685826268592407,-1.4300080981215415,2.2805091412948455,5.0164974237930515,2.2741733436977833,3.4624625774547573
2024-10-16,-5.1399490507765755,4.127552429069667,2.7328616942040913,2.621945175318832,0.7026830822972348,2.0353465065020298,3.7122451028829544,-1.456483889830185,2.267914953898925,5.10880156683661,2.2934247235953817,3.4822159246510527
2024-10-17,-5.157238768288131,4.131317171344563,2.7384476782865814,2.636779506807569,0.6694757487544789,2.0377840753678313,3.616662920921673,-1.432722730326639,2.2768584415114286,5.157006561489127,2.2909092548021333,3.485170397028379
2024-10-18,-5.155703259349195,4.125242558656368,2.751820864157539,2.646512501458549,0.6776900690594558,2.0374625865351286,3.6998727179220525,-1.4217717515096568,2.203164673912201,5.107317846861144,2.276496360716176,3.4633371258523082
2024-10-19,-5.1772394349948,4.1172288560556884,2.7601227018518886,2.636673278249616,0.6759350516788238,2.0313476558460684,3.759324644659764,-1.4248241682952605,2.217770896796604,5.0709905482237385,2.2695738940964767,3.4620766183749367
2024-10-20,-5.145128502703361,4.110282870753163,2.7637044202703454,2.641189510463712,0.6523197915835726,2.0614230361771577,3.673265671543625,-1.4254735382718366,2.1662256717647272,5.064258620213135,2.317651875205232,3.441149972910856
2024-10-21,-5.104418256411639,4.1783869707526735,2.7435568895591196,2.6372664813115714,0.6361849567110127,2.0502752610533523,3.7414951425262153,-1.4372782713201302,2.1957514614302447,5.120888403386619,2.2824218082669896,3.4374287024738117
2024-10-22,-5.1136005990281275,4.115111025952444,2.7232513624342607,2.615149771831653,0.6263883228476972,2.0723664534999706,3.7784451541170023,-1.454130710252188,2.2024625604896126,5.100413340749794,2.2905739114239263,3.4541265344220315
2024-10-23,-5.180693756958152,4.150384345749177,2.7095780852802624,2.62353673295753,0.6077646379669452,2.0826259039811337,3.7514018756135306,-1.4707387265190883,2.210878144326503,5.028787140776063,2.2943033304540403,3.470266405911585
2024-10-24,-5.1923983476643,4.14502440308311,2.723418231330524,2.6222651677879583,0.6228816026649411,2.073473981578899,3.727467315690304,-1.444113932008717,2.208388282800996,5.028563828908556,2.3090296557100483,3.441228549727592
2024-10-25,-5.2066727766369185,4.172306103691813,2.7080502011022096,2.6159052963801352,0.6644796237795507,2.0587567587985935,3.750304806619622,-1.4053663789438493,2.235803811549002,5.082245577624954,2.3340020491061324,3.450235883662617
2024-10-26,-5.187591523201651,4.169146094671227,2.6871777429317687,2.621247555281697,0.6574844865782881,2.056579872536574,3.747298696395898,-1.436519245764983,2.2247166368370896,5.033383380717321,2.3550453145434327,3.4583029218173245
2024-10-27,-5.190463861129122,4.163244371496896,2.683139310722721,2.6118156768133027,0.6487359895065592,2.0549668074289564,3.768466401592307,-1.4381444311721692,2.232416918934064,4.951059403235975,2.3472331046345327,3.456223764846081
2024-10-28,-5.181059403101144,4.158467585275373,2.672903444308915,2.6089560027560688,0.6234940523742258,2.0621211451515706,3.768276656667588,-1.4372627264861,2.2383333102096934,4.9936638732437695,2.3305920153757946,3.469250844907171
2024-10-29,-4.97658315135034,4.164990516646572,2.6555577833070005,2.6217545509429536,0.6255230190069694,2.0590623793431835,3.774451153342664,-1.412269847523151,2.2135642420972848,5.05849931384329,2.3579297571759255,3.4545170191949386
2024-10-30,-4.997151943758969,4.158535317750185,2.654611238946649,2.6091332335646658,0.6383031505221015,2.082909795903556,3.791219017845344,-1.4135345270051733,2.2555339651848474,5.046728731619066,2.373387002927971,3.4482753465381437
2024-10-31,-4.934847379476476,4.1463562159779,2.6493536481070192,2.611435176878528,0.6320896523228265,2.06697060842572,3.7895896438370507,-1.4466248220281888,2.2429677379726094,5.054692268999742,2.3740013331165106,3.4585959203681877
2024-11-01,-4.986184198232092,4.149751569493839,2.663816946125385,2.611508948878465,0.6402836910028777,2.085352888942893,3.783636941152595,-1.4181490186787913,2.246822569260554,5.047550182650852,2.404424478253293,3.4427380251533326
2024-11-02,-5.019059943755507,4.1736492872382795,2.651679611833001,2.6223290216460775,0.6401348476033695,2.055076756847841,3.791558322939151,-1.2568974204455705,2.2698762221665656,5.068384647272257,2.4157836092586136,3.4461165431664806
2024-11-03,-5.042098563552041,4.16274665244789,2.6464035518172375,2.633813371271614,0.6645153678856182,2.0642368107104065,3.7892626995699312,-1.3153515377638605,2.2586325495123063,5.132770492414692,2.400697324264689,3.4556662900235926
2024-11-04,-5.030053379953357,4.159798631497283,2.6418729110154224,2.638522355682478,0.6640091513093336,2.084643332081952,3.7860448997135783,-1.3269742677828873,2.264215081721077,5.179261728958177,2.409280900611525,3.465833707093413
2024-11-05,-5.038253976073896,4.169503743362848,2.6231768995346245,2.6381088744316212,0.6560672565380772,2.0992762336183373,3.758478569935915,-1.239894413757915,2.257993718265558,5.1486899356152165,2.4195871836673577,3.4528640193431963
2024-11-06,-5.020159175607511,4.179009738302419,2.6609689521877478,2.614418505268859,0.6346237151521352,2.086578057249156,3.752982483488155,-1.2902384294033067,2.2006142129818977,5.079943552402086,2.452656055880744,3.44683866261836
2024-11-07,-4.972002188623523,4.180979070102778,2.655649924708679,2.616050249132117,0.6442508085416536,2.0840447126262616,3.7756738564525865,-1.321465942893755,2.1824352690653543,4.897356750629175,2.442200183669132,3.471491190772801
2024-11-08,-4.997212273764115,4.208421456361619,2.6557060571813285,2.6254633614159286,0.6422948356908202,2.084813744319445,3.8278482076662597,-1.3141759444595504,2.1868078164779634,4.850866367079021,2.490165520276009,3.470039888514586
2024-11-09,-4.989581884898424,4.186683206675636,2.664133795737632,2.637267530986933,0.6218613874607861,2.0952677161051767,3.793196685973099,-1.3214139011860315,2.1843050394347863,4.860416281946071,2.450487264429418,3.472314873897769
2024-11-10,-4.980395408906538,4.136657850496521,2.669700395727344,2.634082984807683,0.6346851041536004,2.119573928559494,3.792098227540166,-1.361235519859824,2.1933674201965854,4.968445428033211,2.4024893962677076,3.5793824279043296
2024-11-11,-4.993968241611044,4.1108435616021355,2.685823681007032,2.655348296739142,0.6445428036646195,2.128605193308546,3.816549024820831,-1.357928912696213,2.2181286324900134,5.038511252483724,2.390313875538467,3.4612861265031167
2024-11-12,-5.020906844418086,4.0842490660980175,2.700018029404946,2.6084575735950266,0.6764141875109397,2.1294586877920363,3.7860281545005563,-1.366521853852026,2.272213995117747,4.964372907028643,2.383666761800001,3.4859031182892353
2024-11-13,-5.008375406128819,4.121104264453741,2.6560949926856443,2.589985695145482,0.6874219740819059,2.1392738973208356,3.8373550307005315,-1.3658881939127154,2.293120896504243,4.941851801891534,2.360531218572244,3.4649347666001464
2024-11-14,-5.052599493195288,4.120209422677607,2.6372241485335977,2.673702652243785,0.6777526597693491,2.109684493982588,3.7355421272912492,-1.3733411691240809,2.2900161922589324,5.01389510356772,2.357407470660354,3.50777296429815
2024-11-15,-5.047002938267131,4.104350401223747,2.633890842807319,2.6864206393651537,0.6935451377184769,2.1820991607493876,3.7742107356960934,-1.3573220950359095,2.3123927913770657,5.030979422755248,2.3331373008707517,3.474649228866153
2024-11-16,-5.005309049813581,4.092603340439775,2.612073132310181,2.7176211438018525,0.7253680595711085,2.1837749677622,3.8668447315751164,-1.515159332771868,2.301411797071579,5.124448798514628,2.3300823424512673,3.4874537160099397
2024-11-17,-5.012046726934663,4.130862452421129,2.604739198054361,2.685195816678572,0.6790257067870213,2.0873733822844103,3.8199879965593055,-1.4634696277617818,2.3850461815318638,5.018874580375883,2.298270756563925,3.4936752714889683
2024-11-18,-5.05194696462401,4.065827453868863,2.6151040885927657,2.6977046442067736,0.6830759025173563,2.1577246181454197,3.8040378075381653,-1.4193684214776132,2.2837993182550713,5.033884231218944,2.2957801056976948,3.483780077081043
2024-11-19,-5.02631921599881,4.075279549187123,2.625545366214471,2.66209108905196,0.7059193503980379,2.1549213607067337,3.82249903710684,-1.3896412444735993,2.2556420134849566,5.034577349498981,2.2864267522074555,3.4460535762555717
2024-11-20,-5.035162722092468,4.089781000098625,2.608972576466278,2.6604131625109932,0.7102199948685373,2.166242839727491,3.8477846833871343,-1.3847826450345688,2.262311193856106,5.083175208207395,2.2182949156142877,3.453503334364092
2024-11-21,-5.024149013262978,4.121233462438432,2.6297359315981854,2.725321787610871,0.6223374178365491,2.197112224097519,3.8236963254054475,-1.4012759147355074,2.1856414362465886,4.968391633612715,2.194691203672999,3.466454723964019
2024-11-22,-4.999782969267216,4.125790596328471,2.6888601520990774,2.767967357885934,0.6092276788249475,2.2788272858549377,3.8889536261973676,-1.434179957158896,2.1837400204359536,4.9054388666611874,2.2399039183580896,3.5110422097673104
2024-11-23,-4.990336089625327,4.151734983089589,2.7936706363740598,2.7699198497392805,0.6176756886754062,2.284712968227924,3.9009468571974604,-1.477699720668117,2.151025963912995,4.960337144172554,2.285345322533158,3.4448829494216673
2024-11-24,-5.008432650033913,4.105293415582266,2.8355406831627805,2.7470283915968867,0.581843111001271,2.0611263882960147,4.034965059135772,-1.3915952471950068,2.150665267057267,4.9132467216796325,2.1950613435105732,3.535568475402438
2024-11-25,-5.037398711295072,4.138644821118681,2.933286070293354,2.636203465488639,0.6511142845721682,2.1088668691767682,3.939435455104302,-1.4146854883613411,2.173314465230378,4.9394700314149915,2.2921511462821624,3.531811764641185
2024-11-26,-5.08853499073463,4.147789651113651,2.8832082180059944,2.6168667602858933,0.7159293713975905,2.1022279263007273,3.924709923837891,-1.4150826005160875,2.2201400767993054,4.961810332592297,2.312111134638106,3.4748614797530277
2024-11-27,-5.080084682368128,4.203359816979697,2.8281014321700404,2.646397516842777,0.6740147496563871,2.088024525839388,3.877543865874745,-1.3575652926790305,2.1311972027323822,4.948280862604223,2.323715874624119,3.474195167745703
2024-11-28,-5.11806620386839,4.189726173148996,2.863131450194781,2.6595306363120508,0.6783266732660529,2.0698604684551944,3.939519481355857,-1.3639826786101104,2.0227790485994963,4.966534910393301,2.3248384318779927,3.4819449945857763
2024-11-29,-5.132250936286143,4.19963592397789,2.9167816769244808,2.683488225741768,0.7276995620666051,2.1652855562250806,3.946361250367672,-1.3741083763543593,2.021736949964227,4.938294890933946,2.3047732776745984,3.593094417944736
2024-11-30,-5.135522232104438,4.20115397170558,2.901703323905715,2.682290153852911,0.6763487053232664,2.108298368141818,3.8947308100918243,-1.4688587142415852,2.0306825219114217,4.958669784392203,2.3449926277227906,3.569490144195242
2024-12-01,-5.280438926876528,4.191241657882118,2.913761829331196,2.634224153591367,0.7441114445969617,2.1353954038738054,3.9036042611447437,-1.3913269097022405,2.042868166977825,4.941206959378419,2.29805886269467,3.7169624228567617
2024-12-02,-5.211168029980344,4.186074816151139,2.86136314945717,2.715932813915339,0.7624199837453907,2.133342784402458,4.000481173781815,-1.379009280192157,2.107765840150627,5.0094109631513986,2.332901647661682,3.5995389530757738
2024-12-03,-5.174630511,4.163706083248284,2.7533937736941927,2.89162035861432,0.7590679310113702,2.1379748204109768,3.8736345632997673,-1.4388064247015706,2.1755906718111984,5.089450568485223,2.3151124899399003,3.603281504921454
2024-12-04,-5.129694654112244,4.176598222890197,2.8547333749856896,2.779588706923404,0.7269004302925994,2.198957004110605,3.79688337970367,-1.4852454915925333,2.1917381740405917,5.079749256946789,2.330008779184369,3.6686346424196605
2024-12-05,-5.145398007187539,4.156744335578545,2.8140374795508456,2.787121972662171,0.6584573279341255,2.095754431864577,3.807979840612525,-1.544373266693079,2.1878720062194734,5.0947032216754184,2.3083940961735117,3.6485239890658407
2024-12-06,-5.11699281880975,4.173971030004869,2.9728798136021153,2.790445591072639,0.6610910378973571,2.1110865288643903,3.7734477034485456,-1.5163474893680884,2.197182684623451,5.178272977022548,2.368411064133757,3.6391505675809164
2024-12-07,-5.124421750068154,4.161814864184655,3.1509778839625544,2.7982160660970488,0.7375725643445972,2.1220087373411216,3.796450105103379,-1.503869431713655,2.194169033093067,5.045613576246339,2.389829670318038,3.647261342700691
2024-12-08,-5.074722449845888,4.027394525698618,3.077295894068234,2.7866563534578317,0.7218914997680517,2.1424067845728927,3.7563639841884906,-1.4841188598909285,2.195491329299501,5.083400705904585,2.4011758992070495,3.6340469754885416
2024-12-09,-5.1076005392640225,4.0593841344401955,3.1013213718372676,2.758912182133926,0.7085460355648197,2.1358556309599273,3.758665041650484,-1.4531036854031312,2.1604722173953443,5.029470863744322,2.3775958286683343,3.633616775438887
2024-12-10,-5.115661864184106,4.007251843638403,3.122332467061907,2.7970033534654233,0.6830996497594664,2.089714391497007,3.7832304637849594,-1.415739382616807,2.143094864121526,4.9526356139152306,2.3487491746597415,3.6742222963139626
2024-12-11,-5.109357282054917,4.00500551288406,3.1097930027036913,2.7805432602129168,0.6530011255951056,2.074081573036492,3.778754219391071,-1.4201114293814263,2.1395591577837445,4.945783944382475,2.288612132831856,3.6510711705739975
2024-12-12,-5.087992282800328,4.024879848491874,3.0723358366935516,2.745405987645979,0.65452192212008,2.084003795994792,3.7468576877728763,-1.3681880168890606,2.1541650878757728,4.929729806766676,2.341329216089405,3.6582346405611963
2024-12-13,-5.099592727045864,4.050990671294063,3.0240099192474075,2.7486619317405196,0.635682695996141,2.077058135514099,3.7052139032553173,-1.3661757498400955,2.1320197963699887,4.9155229335863275,2.3501778399053768,3.6571082132220623
2024-12-14,-5.161519064778165,4.081665636661801,3.032315999927925,2.757338200841689,0.6421043729149858,2.0656041734753012,3.7071444100523916,-1.3737248795515193,2.1420154114873933,4.980028848533491,2.3201109534248956,3.6612418820502857
2024-12-15,-4.958873359537667,4.130716325441723,3.0402637608089575,2.753759458281073,0.6573749517088345,2.0334330204722804,3.6811479187109186,-1.3554513779292665,2.1369515111570845,4.992725667576657,2.326420065387562,3.6671016696580625
2024-12-16,-4.8616898984593,4.122298189568129,3.034904207409197,2.754890592057687,0.6405903695831616,2.042483367724438,3.702045413296241,-1.3579575985309502,2.159876273450055,5.039428024807171,2.3207987394867082,3.666942475237351
2024-12-17,-4.943526549403138,4.084080766006816,3.0921805414932977,2.7838466891619267,0.6355533451706368,2.0131005223073606,3.7217045635691415,-1.3675291505943872,2.1807201613760636,5.062684883983922,2.337365902012571,3.706114506666649
2024-12-18,-4.9577398806457476,4.070382530029459,3.0635422303042974,2.790966874976455,0.6089081615242307,2.0195197604148287,3.743803196653876,-1.3611536775216635,2.1802986242486444,5.078969060499041,2.301784739110677,3.6993671102105603
2024-12-19,-4.983891969120745,4.06879291061362,3.087693434998079,2.764393745583933,0.5941545650903457,1.9609602488572566,3.7249449511958366,-1.3587971116626685,2.1635589362586645,5.032010576159999,2.3020704851372584,3.701179732195588
2024-12-20,-4.996334743954059,4.076271415792261,3.109689428558018,2.755861928434468,0.5721502081782233,1.9441485790547646,3.772750389627067,-1.372626722391227,2.1760399281773424,4.983468098150982,2.3332131655184636,3.6686100823518735
2024-12-21,-5.037454120910669,4.036415237384189,3.0987089978565407,2.749245028535502,0.5809522327833545,1.8855559017091648,3.7737875327528663,-1.3556193319423024,2.189494474584965,5.059694270310087,2.282494010374114,3.656007968639314
2024-12-22,-5.027200310970951,4.056803940386588,3.114300238607033,2.6618855717524768,0.6089108301281416,1.9074509437242466,3.7500605265230877,-1.3495013207924358,2.1948347540296975,5.033742752542099,2.2957694664589856,3.6328270939027196
2024-12-23,-5.025312008512189,4.060288260616046,3.193846076802366,2.6184362879511474,0.5969303367132563,1.8959148543276996,3.7743302015315687,-1.3695632450836142,2.1902944210856883,4.992133070389416,2.2840437650031924,3.632510306297596
2024-12-24,-5.009997742273576,4.167507001945777,3.1952376674482132,2.67394371613602,0.5821748257056767,1.871225901877187,3.757500878853053,-1.3418136584791163,2.213038073361464,4.987127556985964,2.275419263196222,3.610217008909358
2024-12-25,-5.020998081131802,4.179179677105977,3.2010072040378743,2.7085651731687834,0.5824095651372574,1.8138288935334148,3.7468220230966596,-1.3271159486130744,2.211686221677141,4.961795988670272,2.2915751451201904,3.621974067966099
2024-12-26,-5.027883048326954,4.199550947176785,3.195502473682892,2.7152418086006267,0.5763642603848547,1.8583708586312244,3.7526152479680066,-1.3482634161021978,2.2057456270681532,4.9338255207176935,2.2853854116880274,3.61923888109247
2024-12-27,-5.006578493400641,4.222529966726142,3.159735249824261,2.671677395920706,0.6076377647460589,1.8210485017665352,3.7445192675788235,-1.128237227646241,2.224179668472008,4.915619955703408,2.2961231907768966,3.61655879253431
2024-12-28,-5.031793519603602,4.286930381493541,3.1407889570275676,2.274718769098076,0.6178231837557355,1.7519960993693373,3.6773164744768696,-1.2032273700759877,2.229851122873715,4.912328842305597,2.2770217794344303,3.5985320636517404
2024-12-29,-5.019603964079016,4.264953468095149,3.134606510589009,2.4152966054473497,0.5279845250074142,1.7793159652927006,3.682538278775489,-1.2111238308309813,2.263183516794702,4.906096674899529,2.266784136319073,3.614071266338909
2024-12-30,-5.004747151471033,4.237495357160269,3.101860481526132,2.5258504840890943,0.6670826761466639,1.7847139249326465,3.6935828052416575,-1.2386815342239108,2.2432204839444396,4.904203015240513,2.259614351283612,3.6129251003426117
2024-12-31,-5.016702046778493,4.225743977834685,2.9859023267260083,2.400734127382443,0.6827969450211933,1.8214191386254854,3.706563053594877,-1.2574773924583542,2.2391682769656747,4.872795063136101,2.252429639233247,3.6516458255687865
2025-01-01,-5.025702726218375,4.219688366655699,3.0117209862497627,2.501806792668342,0.685790678488521,1.8169082297941415,3.718623776291221,-1.2737620391293554,2.2416429685237964,4.954443283921654,2.275871091735991,3.6459709678814702
2025-01-02,-4.989702084429791,4.213254663579733,2.933550082869155,2.5679769746778454,0.65749370131634,1.8202253205709913,3.725903354229687,-1.2990617696619327,2.2511129425483216,4.989077008362495,2.274561909657323,3.6384645942175022
2025-01-03,-4.990263109615378,4.17566005472368,3.0506981848712718,2.621519708949931,0.6599044884790368,1.831633746097215,3.7447822897988785,-1.3019845356098239,2.267723991661127,4.999541153974929,2.2843999021907955,3.684358942702618
2025-01-04,-4.981647757223003,4.150111539495765,3.000923719347241,2.45660933397134,0.665129706702055,1.8314772756086748,3.747362799385185,-1.286139389708442,2.3342228245839287,5.040577492019837,2.2898220220253953,3.659536424880026
2025-01-05,-5.000996665258487,4.1737813928701355,3.0070831332226806,2.404103882835873,0.7137604811905622,1.8669382486049622,3.7421259692749547,-1.3894218069840854,2.32248084783563,5.020461731490633,2.2703125969335587,3.6619425358428073
2025-01-06,-5.005234740916255,4.144808049906986,2.9572473302648024,2.454456736859364,0.7395609883459782,1.9000713689929198,3.7651889777149323,-1.3536666522633731,2.324338989867691,5.00480106219772,2.276244204359162,3.6281650294147685
2025-01-07,-5.028603987639072,4.162067269687151,2.978644331656795,2.4374437686502204,0.7373921343103671,1.898545120960346,3.7706515538077765,-1.4096885437475841,2.3476962324776096,4.980100980661748,2.273398998478413,3.6465640697610753
2025-01-08,-5.049685808968128,4.169607046722648,2.94347131519286,2.2997707867064268,0.7922576758726005,1.8248739664852365,3.759870577795719,-1.3690485363537555,2.418118408916414,4.947122597309962,2.303665006705908,3.6346396851769396
2025-01-09,-5.040875179285973,4.166519042840492,2.953172659135195,2.4002880703634286,0.814360226400916,1.8424085028824866,3.768540096298504,-1.3586471129123772,2.4340482325545096,4.982892145493892,2.286444504230407,3.6090305261135187
